Residence,Work,Commute rate
47,47,0
1,1,0
15,15,0
5,5,0
39,39,0
20,20,0
6,6,0
38,38,0
2,2,0
46,46,0
18,18,0
16,16,0
45,45,0
42,42,0
37,37,0
7,7,0
17,17,0
34,34,0
22,22,0
44,44,0
3,3,0
36,36,0
43,43,0
32,32,0
23,23,0
33,33,0
35,35,0
31,31,0
19,19,0
40,40,0
4,4,0
10,10,0
24,24,0
27,27,0
30,30,0
9,9,0
13,13,0
41,41,0
8,8,0
21,21,0
25,25,0
26,26,0
28,28,0
14,14,0
12,12,0
29,29,0
11,11,0
11,13,0.291997203
12,13,0.275124882
29,27,0.27237503
14,13,0.268342642
28,27,0.150598326
21,23,0.116414275
26,27,0.090615034
25,26,0.081697677
41,40,0.073135105
30,27,0.061232793
8,13,0.047212933
24,23,0.04348755
13,14,0.042906598
25,27,0.033086585
27,28,0.029143385
8,12,0.027646967
10,11,0.027116767
13,11,0.025813988
9,10,0.025592605
29,26,0.025413515
31,32,0.024734459
19,13,0.021765632
26,25,0.021419553
9,8,0.0195956
27,26,0.019521927
32,31,0.018473311
43,40,0.017865745
33,34,0.01743456
10,9,0.016135328
44,40,0.015843873
9,13,0.015795926
8,9,0.015154476
40,41,0.014670539
12,11,0.014551725
35,34,0.014481584
26,29,0.014160176
13,12,0.014137252
23,21,0.012573398
12,8,0.012492641
41,42,0.01207542
11,12,0.011977737
10,13,0.011491335
35,40,0.011352364
8,11,0.011149811
36,37,0.010905031
9,11,0.010904921
16,17,0.010638601
45,46,0.009805468
17,16,0.009366729
3,4,0.009284872
12,14,0.009066734
11,10,0.008957798
26,28,0.008684417
34,33,0.008649936
42,41,0.008598392
11,14,0.008095424
29,24,0.007924956
29,28,0.007593964
4,7,0.007574878
46,45,0.007451378
18,17,0.006837533
24,27,0.006801725
27,29,0.006606646
30,29,0.00636894
22,23,0.006366375
6,4,0.006308469
3,2,0.005934531
28,26,0.005710925
37,38,0.005562255
22,14,0.00551076
22,13,0.005503782
19,22,0.00544832
34,35,0.005354357
7,4,0.005290033
19,14,0.00520971
7,8,0.004721307
11,8,0.004687984
23,24,0.004646822
38,37,0.00448385
23,22,0.004407333
2,3,0.004170805
4,3,0.004166345
40,43,0.004073057
17,18,0.003980108
21,24,0.003970433
24,29,0.003907521
14,12,0.003627962
40,44,0.003604376
36,38,0.003590889
37,36,0.003477569
30,24,0.003466402
32,34,0.003457771
19,20,0.003434016
8,7,0.003342666
14,11,0.003290661
31,33,0.003212163
20,13,0.003109078
27,30,0.003055113
28,13,0.003032292
11,9,0.00302731
24,30,0.003021349
37,33,0.002886742
29,13,0.002872124
39,38,0.002854039
27,13,0.002853222
18,26,0.00281431
14,22,0.00275354
25,28,0.002727859
33,28,0.002708985
42,40,0.002701379
25,24,0.002624766
5,3,0.002531602
27,25,0.002505054
7,9,0.002484628
29,30,0.002449258
4,13,0.00243566
40,35,0.002415636
8,14,0.002321982
36,28,0.002319725
25,21,0.002281073
38,34,0.00227833
25,23,0.00224715
33,37,0.002205105
46,43,0.002192483
6,7,0.002186826
29,25,0.002174323
26,13,0.002139703
4,6,0.002098017
31,28,0.002036736
23,13,0.001949844
9,7,0.001927744
24,25,0.001856242
43,46,0.001793412
7,13,0.001792315
32,35,0.001787559
25,13,0.001703775
24,21,0.001702624
33,27,0.001674398
2,4,0.001649949
26,18,0.001551645
15,13,0.001541397
39,37,0.001531286
9,14,0.001508595
38,39,0.001497878
5,4,0.001496073
13,8,0.001461769
40,13,0.001457614
39,36,0.001446016
28,33,0.001397891
35,32,0.001344243
29,23,0.001323254
3,13,0.001320099
2,13,0.001309526
45,43,0.001308963
25,18,0.001298661
5,6,0.001293832
18,25,0.001292215
21,25,0.00129132
20,19,0.001287793
26,23,0.001225652
1,13,0.001212951
41,43,0.001200293
17,13,0.001191389
30,28,0.001190171
37,27,0.001165827
21,13,0.001134643
10,14,0.001117111
10,8,0.001113323
10,20,0.001097251
15,20,0.001091104
45,40,0.001086135
18,27,0.001079743
24,13,0.001071391
27,23,0.001064385
26,24,0.001039425
5,2,0.001037828
46,40,0.001037178
36,27,0.001034102
2,5,0.00101376
44,43,0.001011618
6,15,0.001009086
16,13,0.00100511
28,25,0.000955115
28,23,0.00095337
20,10,0.000951775
23,27,0.000939701
34,13,0.000938212
9,12,0.000932077
40,42,0.00092771
21,20,0.000899986
34,27,0.0008982
31,34,0.000890107
43,44,0.000877436
45,44,0.000873642
18,13,0.000866627
37,39,0.000865646
20,21,0.000859318
20,15,0.000827483
36,39,0.000825318
43,45,0.00081409
3,5,0.000795298
18,16,0.000790875
37,13,0.000787054
19,11,0.000775245
6,13,0.000771907
5,13,0.000770454
21,27,0.000765053
14,23,0.000762518
2,7,0.000759126
33,13,0.000752046
16,15,0.000751092
17,23,0.000749527
20,23,0.000746317
22,19,0.000745105
38,13,0.000744587
25,29,0.000734451
14,8,0.000732078
8,10,0.000723443
35,13,0.00071983
2,14,0.000719203
43,41,0.000709639
38,36,0.000708437
31,27,0.000706441
43,13,0.000704847
34,32,0.000701553
34,38,0.000701065
42,13,0.000692848
47,13,0.000685475
30,13,0.000680149
14,27,0.00067675
40,27,0.000674431
20,11,0.000672689
6,5,0.000642745
28,29,0.000640607
37,34,0.000635267
4,14,0.00063513
15,7,0.000624179
36,13,0.000623159
10,12,0.000621039
38,27,0.000613763
29,34,0.000612295
16,21,0.000608694
33,31,0.000608582
37,28,0.000608542
17,27,0.000605161
7,11,0.000603772
12,27,0.000601625
18,23,0.000599282
15,16,0.000593518
27,24,0.000587303
13,27,0.000584441
39,27,0.000582971
13,23,0.00057834
41,13,0.000574482
7,6,0.000568542
13,9,0.000565665
42,38,0.000560659
7,14,0.000559058
3,7,0.000541066
13,19,0.000540986
42,34,0.000536032
3,14,0.000527728
16,18,0.000518526
12,23,0.000516675
16,23,0.00051651
4,2,0.000516227
13,22,0.000513608
24,26,0.000512399
20,14,0.000511287
44,13,0.000511234
21,22,0.000509296
46,13,0.000503001
10,15,0.000501682
28,34,0.000498424
40,34,0.000495389
41,44,0.000485455
45,13,0.000485029
5,7,0.000484263
47,23,0.00047174
42,43,0.000470169
39,13,0.000468735
2,1,0.000462607
2,12,0.000460959
14,19,0.000459954
30,26,0.000459505
35,27,0.000457341
2,11,0.00045659
7,15,0.000454641
11,23,0.000452725
11,7,0.000451614
28,14,0.000447912
11,27,0.000445345
12,9,0.000443157
43,42,0.000442027
42,27,0.000440474
13,10,0.000438863
34,40,0.000437401
40,46,0.000436301
15,11,0.000421283
4,5,0.000420891
44,45,0.000420559
42,35,0.000418483
15,6,0.000412527
32,33,0.000406812
24,22,0.000405246
14,9,0.000403007
4,11,0.000388959
34,28,0.000378606
42,14,0.000377562
24,28,0.000373417
12,7,0.000371872
29,14,0.00037152
19,12,0.000369164
27,14,0.000366941
23,14,0.000364935
3,12,0.000357452
26,14,0.000356791
1,4,0.00035224
33,23,0.000346491
31,13,0.000345681
15,10,0.000341717
11,4,0.000338473
16,27,0.00033794
27,34,0.000334484
13,7,0.000333861
38,28,0.000333268
10,7,0.000331669
14,7,0.000330508
12,4,0.000327853
38,33,0.000327626
11,22,0.000326997
41,46,0.000325602
45,38,0.000323933
14,4,0.000322787
35,33,0.000320658
12,22,0.000319134
42,28,0.000318725
15,4,0.000317677
43,27,0.000317278
3,11,0.000317068
14,10,0.000317027
45,27,0.000312938
27,40,0.000311752
28,31,0.00031009
27,33,0.000308936
13,4,0.000306698
32,13,0.000302038
39,34,0.00030125
28,40,0.000301201
30,23,0.000300109
28,24,0.000298018
40,23,0.000298011
1,14,0.000296433
44,41,0.000295906
36,33,0.000293818
25,14,0.000293742
12,10,0.000293475
35,28,0.000293266
32,27,0.000290178
4,9,0.000287353
7,12,0.000286734
4,1,0.000286487
40,14,0.00028549
24,14,0.000285161
11,20,0.000280422
9,4,0.000279567
28,30,0.000278098
44,35,0.000277162
22,11,0.000276663
13,20,0.00027636
39,33,0.000272872
44,27,0.000270967
42,44,0.000268662
6,14,0.000268002
17,15,0.000267336
44,42,0.000265956
39,28,0.000265524
4,12,0.00026417
21,16,0.000263319
4,22,0.000258674
1,7,0.00025582
19,23,0.000255492
5,14,0.000253893
28,36,0.000253497
17,14,0.000252797
44,38,0.000252549
21,14,0.000249931
40,45,0.000246972
5,11,0.000246179
46,27,0.000245413
14,40,0.000244937
26,34,0.000244567
32,28,0.000242803
33,35,0.000242734
15,14,0.000242425
20,12,0.000238801
21,18,0.000238203
11,15,0.000235385
41,27,0.000233265
6,3,0.00022874
18,28,0.000227859
4,27,0.000227494
35,38,0.000227178
42,23,0.000227127
29,22,0.00022712
33,40,0.00022705
22,27,0.00022466
3,8,0.000223621
3,1,0.000223006
44,34,0.000222541
47,40,0.000222037
29,33,0.000221751
4,8,0.000221737
28,37,0.000218418
17,25,0.000218206
34,14,0.000217826
34,23,0.000217575
17,26,0.00021592
18,21,0.000214858
4,15,0.000214487
28,18,0.000214128
16,14,0.00021388
14,20,0.0002135
21,26,0.00021308
22,12,0.000212898
29,12,0.000211931
34,37,0.000211719
41,35,0.000210668
29,40,0.000209642
40,28,0.000208635
45,34,0.000208455
19,8,0.000208329
25,22,0.000208125
24,11,0.000208064
27,12,0.000207835
4,38,0.000207661
28,12,0.000206729
47,14,0.00020637
23,20,0.000205457
26,33,0.000200655
26,30,0.000200431
8,4,0.000200426
41,34,0.000200279
14,28,0.000196918
36,34,0.000196565
43,34,0.000195022
38,14,0.000194554
15,12,0.000194392
45,35,0.000194235
16,20,0.000193662
43,35,0.000193051
12,40,0.000192114
40,47,0.000191704
33,32,0.000191499
31,26,0.000189728
12,28,0.000189076
23,25,0.000188954
2,8,0.000188237
38,35,0.00018786
18,7,0.00018676
34,31,0.000186559
19,7,0.000185942
33,38,0.000185688
7,3,0.000185476
26,40,0.000184601
25,33,0.000183678
41,23,0.000183487
42,33,0.000182789
11,19,0.000182426
29,11,0.000182396
5,12,0.000181086
44,14,0.000180036
1,12,0.000178801
1,23,0.000178227
26,22,0.000177652
25,17,0.000177418
12,1,0.000177079
2,23,0.000176999
13,40,0.000175795
23,26,0.000174627
35,44,0.00017435
45,33,0.000173934
31,14,0.000173025
6,11,0.000172644
1,11,0.000172559
33,14,0.000171977
8,27,0.000170556
8,22,0.000169246
38,23,0.000169237
27,22,0.000169159
1,3,0.000169115
7,10,0.000169051
27,18,0.000168769
20,22,0.000168635
45,28,0.000167731
43,23,0.000167016
8,23,0.00016613
43,38,0.000165344
31,23,0.00016484
46,38,0.000164571
23,28,0.000164518
10,4,0.000163279
9,27,0.000163039
26,21,0.000162996
33,26,0.000162034
43,14,0.000161352
14,1,0.000161254
43,28,0.000161248
10,23,0.000161234
13,1,0.000161152
19,4,0.000161041
13,15,0.000161012
26,17,0.00016097
37,40,0.000160679
36,23,0.000160195
26,12,0.000159772
4,23,0.000159682
13,28,0.000158995
46,34,0.000158068
5,15,0.000157688
9,23,0.000157555
46,23,0.000156447
21,28,0.000156388
27,11,0.000155069
44,24,0.000154782
14,15,0.000153867
35,14,0.000153614
6,9,0.000152388
42,12,0.000152031
11,1,0.000150741
11,40,0.000150593
47,27,0.000150554
29,21,0.000150098
38,40,0.000149746
45,4,0.000149576
40,12,0.000149504
28,4,0.000148933
31,35,0.000147802
22,24,0.000147421
17,21,0.000147325
20,16,0.00014714
15,17,0.000146602
27,37,0.000145823
37,23,0.00014571
44,28,0.000145331
17,20,0.000144653
12,15,0.000143584
29,4,0.000143524
28,11,0.000143155
12,20,0.000142537
41,28,0.000142459
28,22,0.0001423
44,46,0.000142101
3,24,0.000142035
19,10,0.000141607
26,11,0.000140993
2,9,0.000140694
10,22,0.000140614
3,6,0.000140235
46,14,0.000139663
45,14,0.000139299
25,11,0.000138926
17,11,0.000138625
40,33,0.000137644
17,28,0.00013521
18,14,0.000135049
2,15,0.000134657
45,42,0.000134219
46,44,0.000133714
37,14,0.000133282
10,27,0.000132976
3,38,0.00013257
29,18,0.000132439
9,22,0.000132132
23,11,0.000131269
42,46,0.000130739
23,12,0.000129896
30,25,0.000128322
27,4,0.000127537
14,34,0.000126995
25,34,0.000126786
45,23,0.000126685
42,36,0.000126504
29,37,0.000125929
25,16,0.000125874
25,40,0.000125776
7,22,0.000125538
16,26,0.000125107
24,12,0.000124812
41,45,0.000124401
35,23,0.000124123
46,28,0.00012388
9,20,0.000123711
3,22,0.00012348
28,17,0.000123461
14,26,0.000122969
17,12,0.000122773
44,23,0.000122527
1,2,0.000122404
11,28,0.000120608
25,12,0.00012039
21,17,0.000120218
6,8,0.00011975
47,24,0.000119608
23,17,0.000118572
20,27,0.000118559
28,38,0.000118132
22,21,0.000117878
1,27,0.000117321
19,9,0.000116722
2,10,0.000116054
47,12,0.000115932
37,26,0.000115813
39,40,0.000115764
24,33,0.000115294
30,14,0.000114915
3,27,0.000114596
46,42,0.000114368
14,24,0.000113817
4,34,0.000113807
17,22,0.000113601
6,12,0.000113014
29,17,0.000112719
13,26,0.000111924
18,24,0.000111672
29,7,0.000111154
27,21,0.000111017
25,30,0.000110723
39,14,0.000110596
12,19,0.000110292
27,17,0.000110072
9,15,0.000109999
23,40,0.000109633
44,33,0.000109456
46,35,0.000109209
36,26,0.00010811
45,36,0.000106742
8,15,0.000106143
24,9,0.000105997
36,14,0.000105908
30,12,0.000105131
22,4,0.000104999
41,14,0.000104796
13,34,0.000104759
26,37,0.000104459
25,10,0.000104371
12,34,0.000104087
16,11,0.000103676
22,8,0.000103472
35,12,0.000102364
21,11,0.000102362
20,9,0.000102302
24,7,0.000102164
16,25,0.000101305
45,41,0.000101261
16,22,0.000101159
28,21,0.000100911
3,34,0.000100435
43,24,0.000100354
32,14,0.000100282
40,24,0.000100244
34,24,0.000100188
2,27,9.98E-05
33,12,9.93E-05
42,31,9.93E-05
22,20,9.89E-05
23,4,9.87E-05
35,42,9.85E-05
15,27,9.84E-05
28,35,9.84E-05
6,2,9.83E-05
20,24,9.82E-05
46,41,9.80E-05
20,7,9.78E-05
12,24,9.76E-05
10,19,9.73E-05
15,23,9.73E-05
2,6,9.71E-05
22,7,9.71E-05
24,4,9.65E-05
46,47,9.63E-05
20,8,9.62E-05
33,22,9.61E-05
7,2,9.59E-05
33,25,9.59E-05
41,4,9.57E-05
42,7,9.57E-05
40,11,9.52E-05
23,34,9.48E-05
41,38,9.48E-05
2,22,9.43E-05
40,22,9.42E-05
44,12,9.41E-05
2,28,9.40E-05
25,20,9.37E-05
37,35,9.37E-05
32,23,9.35E-05
39,4,9.33E-05
24,18,9.30E-05
40,38,9.30E-05
24,8,9.29E-05
1,8,9.24E-05
41,7,9.21E-05
36,30,9.20E-05
3,9,9.17E-05
20,17,9.14E-05
21,12,9.14E-05
29,20,9.13E-05
30,34,9.13E-05
30,22,9.08E-05
30,33,9.07E-05
11,3,9.06E-05
41,47,9.06E-05
22,28,9.03E-05
28,8,9.03E-05
4,10,9.02E-05
18,22,9.00E-05
39,35,9.00E-05
26,16,8.99E-05
42,1,8.90E-05
7,1,8.88E-05
25,8,8.76E-05
39,23,8.74E-05
40,4,8.74E-05
24,17,8.70E-05
32,40,8.69E-05
26,4,8.68E-05
39,46,8.65E-05
8,28,8.62E-05
14,3,8.61E-05
7,27,8.60E-05
15,8,8.56E-05
34,12,8.48E-05
17,1,8.46E-05
2,38,8.41E-05
33,39,8.38E-05
42,24,8.37E-05
8,1,8.36E-05
42,4,8.36E-05
36,40,8.31E-05
11,34,8.30E-05
27,7,8.30E-05
43,47,8.30E-05
28,1,8.29E-05
42,37,8.29E-05
29,8,8.27E-05
4,28,8.26E-05
4,40,8.23E-05
27,38,8.23E-05
24,34,8.20E-05
22,9,8.17E-05
23,18,8.17E-05
28,7,8.17E-05
24,20,8.16E-05
27,16,8.13E-05
18,15,8.10E-05
27,35,8.08E-05
43,33,8.08E-05
36,12,8.07E-05
27,8,8.06E-05
30,40,8.04E-05
32,26,8.02E-05
24,40,8.01E-05
33,36,7.99E-05
2,34,7.98E-05
27,36,7.96E-05
39,22,7.96E-05
8,2,7.90E-05
12,3,7.90E-05
29,16,7.87E-05
17,7,7.84E-05
43,11,7.83E-05
15,9,7.81E-05
5,1,7.73E-05
5,23,7.73E-05
27,1,7.73E-05
27,20,7.70E-05
39,44,7.66E-05
31,24,7.62E-05
3,23,7.61E-05
42,8,7.58E-05
7,20,7.54E-05
19,15,7.51E-05
17,38,7.49E-05
6,1,7.47E-05
25,4,7.45E-05
7,23,7.43E-05
29,1,7.43E-05
47,7,7.42E-05
5,8,7.41E-05
45,12,7.35E-05
35,41,7.32E-05
33,24,7.29E-05
35,43,7.29E-05
8,20,7.28E-05
13,3,7.25E-05
16,12,7.25E-05
32,37,7.25E-05
37,22,7.23E-05
14,25,7.19E-05
43,12,7.18E-05
46,7,7.18E-05
3,28,7.15E-05
18,12,7.15E-05
11,24,7.13E-05
40,26,7.12E-05
38,44,7.10E-05
11,26,7.02E-05
16,24,7.02E-05
32,38,7.01E-05
17,34,7.00E-05
17,24,6.99E-05
29,38,6.97E-05
9,3,6.96E-05
12,26,6.87E-05
16,28,6.86E-05
9,24,6.85E-05
19,25,6.85E-05
3,33,6.84E-05
29,35,6.83E-05
31,38,6.81E-05
29,36,6.79E-05
38,10,6.76E-05
26,35,6.71E-05
34,11,6.69E-05
39,12,6.65E-05
45,7,6.62E-05
42,47,6.59E-05
46,22,6.58E-05
16,10,6.57E-05
41,33,6.56E-05
19,27,6.55E-05
29,10,6.55E-05
37,11,6.53E-05
34,26,6.52E-05
13,24,6.51E-05
30,38,6.48E-05
38,7,6.48E-05
46,33,6.47E-05
31,37,6.43E-05
40,37,6.41E-05
47,11,6.40E-05
15,22,6.37E-05
16,1,6.37E-05
33,11,6.37E-05
44,22,6.34E-05
39,24,6.33E-05
34,4,6.32E-05
40,7,6.32E-05
23,16,6.31E-05
31,25,6.31E-05
22,26,6.28E-05
26,7,6.25E-05
35,22,6.21E-05
23,8,6.18E-05
4,24,6.17E-05
45,24,6.17E-05
12,33,6.16E-05
14,17,6.16E-05
30,18,6.16E-05
43,36,6.16E-05
5,10,6.14E-05
45,47,6.13E-05
29,9,6.12E-05
23,7,6.10E-05
26,1,6.10E-05
36,35,6.08E-05
28,16,6.06E-05
36,11,6.05E-05
41,26,6.05E-05
35,31,6.03E-05
6,27,6.02E-05
30,36,5.97E-05
26,38,5.96E-05
21,7,5.95E-05
30,21,5.95E-05
25,9,5.94E-05
16,4,5.93E-05
37,12,5.92E-05
16,7,5.90E-05
44,36,5.89E-05
23,1,5.83E-05
40,8,5.83E-05
26,8,5.82E-05
5,9,5.81E-05
6,10,5.81E-05
7,5,5.81E-05
11,6,5.81E-05
28,42,5.81E-05
31,40,5.81E-05
8,19,5.79E-05
24,15,5.79E-05
25,37,5.77E-05
38,12,5.77E-05
40,1,5.77E-05
8,26,5.76E-05
21,4,5.74E-05
39,11,5.73E-05
9,19,5.72E-05
13,21,5.72E-05
30,37,5.72E-05
2,33,5.70E-05
34,36,5.70E-05
26,20,5.69E-05
47,1,5.68E-05
24,38,5.67E-05
33,4,5.67E-05
35,11,5.66E-05
17,9,5.65E-05
21,40,5.63E-05
18,4,5.62E-05
14,21,5.59E-05
28,20,5.59E-05
20,4,5.52E-05
4,36,5.50E-05
38,25,5.48E-05
11,2,5.44E-05
15,3,5.44E-05
43,37,5.44E-05
46,12,5.44E-05
30,11,5.43E-05
46,4,5.42E-05
47,4,5.42E-05
34,7,5.41E-05
42,45,5.41E-05
44,37,5.40E-05
1,28,5.39E-05
35,37,5.39E-05
8,24,5.36E-05
6,23,5.35E-05
4,16,5.34E-05
41,24,5.33E-05
13,17,5.31E-05
38,26,5.31E-05
10,6,5.30E-05
14,47,5.30E-05
14,33,5.27E-05
44,7,5.24E-05
41,37,5.23E-05
4,35,5.22E-05
14,16,5.22E-05
32,7,5.21E-05
33,44,5.21E-05
47,28,5.21E-05
25,7,5.20E-05
32,18,5.19E-05
14,6,5.18E-05
11,17,5.17E-05
11,21,5.16E-05
9,1,5.15E-05
31,22,5.12E-05
32,4,5.11E-05
1,22,5.10E-05
19,38,5.10E-05
23,33,5.10E-05
28,32,5.09E-05
46,36,5.09E-05
9,40,5.08E-05
17,40,5.08E-05
35,7,5.07E-05
22,25,5.06E-05
47,46,5.06E-05
42,22,5.04E-05
25,38,5.03E-05
26,36,5.03E-05
35,25,5.03E-05
9,28,5.02E-05
34,25,5.01E-05
2,20,5.00E-05
4,33,4.96E-05
17,4,4.96E-05
30,8,4.94E-05
36,22,4.94E-05
33,7,4.93E-05
47,22,4.93E-05
8,3,4.91E-05
37,30,4.90E-05
1,9,4.86E-05
17,8,4.86E-05
27,47,4.82E-05
3,20,4.81E-05
21,34,4.81E-05
12,17,4.80E-05
30,7,4.80E-05
23,29,4.79E-05
25,1,4.79E-05
4,46,4.78E-05
13,2,4.77E-05
17,36,4.77E-05
7,28,4.76E-05
13,6,4.75E-05
27,15,4.73E-05
31,7,4.73E-05
10,28,4.70E-05
28,39,4.70E-05
43,7,4.69E-05
10,1,4.67E-05
31,11,4.66E-05
13,33,4.65E-05
22,34,4.64E-05
28,47,4.64E-05
29,31,4.64E-05
33,8,4.63E-05
12,2,4.62E-05
21,33,4.62E-05
21,10,4.61E-05
20,28,4.60E-05
12,6,4.57E-05
19,24,4.56E-05
27,9,4.56E-05
30,1,4.56E-05
38,4,4.56E-05
1,15,4.54E-05
8,40,4.54E-05
29,3,4.54E-05
29,15,4.53E-05
10,3,4.50E-05
34,8,4.50E-05
42,15,4.48E-05
39,7,4.47E-05
43,8,4.47E-05
2,17,4.46E-05
38,22,4.46E-05
41,22,4.46E-05
21,19,4.45E-05
43,1,4.44E-05
4,20,4.43E-05
10,40,4.43E-05
12,16,4.43E-05
19,6,4.41E-05
18,11,4.40E-05
20,1,4.39E-05
35,36,4.39E-05
46,26,4.38E-05
45,11,4.37E-05
34,1,4.36E-05
34,22,4.36E-05
25,46,4.34E-05
28,15,4.33E-05
1,40,4.30E-05
22,1,4.30E-05
41,11,4.30E-05
3,15,4.29E-05
14,2,4.29E-05
40,25,4.29E-05
13,16,4.28E-05
6,20,4.26E-05
38,24,4.26E-05
22,10,4.25E-05
23,10,4.25E-05
36,7,4.25E-05
24,1,4.22E-05
28,9,4.19E-05
18,38,4.18E-05
41,12,4.17E-05
16,34,4.16E-05
39,18,4.16E-05
45,39,4.16E-05
33,29,4.15E-05
43,22,4.14E-05
21,9,4.13E-05
35,24,4.13E-05
21,1,4.12E-05
9,6,4.11E-05
44,47,4.11E-05
5,22,4.10E-05
39,32,4.10E-05
41,19,4.10E-05
41,36,4.10E-05
39,25,4.09E-05
28,10,4.08E-05
38,1,4.08E-05
3,10,4.07E-05
22,17,4.07E-05
23,15,4.07E-05
41,15,4.06E-05
13,47,4.05E-05
44,11,4.05E-05
44,17,4.05E-05
22,3,4.02E-05
41,8,4.02E-05
37,4,4.01E-05
12,25,4.00E-05
43,26,4.00E-05
37,24,3.99E-05
38,46,3.99E-05
26,15,3.98E-05
27,31,3.98E-05
18,8,3.97E-05
2,24,3.96E-05
23,19,3.96E-05
29,47,3.96E-05
6,22,3.93E-05
34,43,3.93E-05
38,43,3.92E-05
19,21,3.91E-05
33,16,3.91E-05
14,42,3.90E-05
34,42,3.90E-05
38,8,3.90E-05
46,25,3.90E-05
5,27,3.89E-05
11,16,3.89E-05
12,47,3.89E-05
15,1,3.89E-05
45,22,3.89E-05
18,33,3.87E-05
36,25,3.87E-05
28,43,3.85E-05
31,21,3.85E-05
26,10,3.84E-05
35,26,3.84E-05
36,24,3.84E-05
45,1,3.84E-05
31,12,3.83E-05
40,17,3.83E-05
18,20,3.82E-05
32,16,3.82E-05
35,1,3.82E-05
39,1,3.82E-05
27,10,3.81E-05
28,46,3.81E-05
19,40,3.77E-05
33,21,3.77E-05
16,40,3.76E-05
37,21,3.76E-05
43,4,3.76E-05
20,26,3.75E-05
23,9,3.75E-05
16,8,3.73E-05
30,17,3.73E-05
5,28,3.72E-05
27,43,3.71E-05
30,35,3.70E-05
12,5,3.69E-05
15,5,3.69E-05
34,39,3.66E-05
44,4,3.66E-05
7,19,3.63E-05
19,28,3.63E-05
14,35,3.62E-05
21,8,3.62E-05
25,35,3.62E-05
18,32,3.61E-05
17,10,3.59E-05
15,19,3.58E-05
19,26,3.58E-05
27,46,3.57E-05
35,45,3.57E-05
2,21,3.55E-05
12,37,3.55E-05
18,40,3.54E-05
37,31,3.54E-05
41,1,3.54E-05
42,26,3.53E-05
13,25,3.52E-05
16,9,3.52E-05
15,18,3.51E-05
27,39,3.51E-05
14,37,3.50E-05
28,3,3.49E-05
36,4,3.49E-05
40,32,3.49E-05
22,15,3.48E-05
36,21,3.48E-05
37,7,3.48E-05
1,10,3.47E-05
9,26,3.47E-05
25,15,3.47E-05
37,1,3.47E-05
2,16,3.46E-05
15,28,3.45E-05
26,44,3.45E-05
26,43,3.44E-05
2,40,3.43E-05
28,44,3.42E-05
45,37,3.41E-05
24,16,3.40E-05
26,31,3.40E-05
10,25,3.37E-05
27,32,3.37E-05
30,4,3.37E-05
39,30,3.37E-05
47,38,3.37E-05
34,44,3.34E-05
1,24,3.32E-05
11,33,3.32E-05
18,34,3.32E-05
27,3,3.32E-05
47,42,3.32E-05
9,16,3.30E-05
11,25,3.29E-05
12,35,3.29E-05
16,3,3.29E-05
47,26,3.29E-05
21,29,3.28E-05
27,19,3.27E-05
29,39,3.27E-05
47,25,3.26E-05
11,43,3.25E-05
35,8,3.25E-05
35,46,3.24E-05
37,44,3.24E-05
3,36,3.23E-05
14,43,3.23E-05
26,9,3.23E-05
13,5,3.22E-05
25,36,3.22E-05
8,18,3.21E-05
8,34,3.21E-05
45,8,3.21E-05
12,21,3.20E-05
44,8,3.20E-05
35,21,3.19E-05
38,11,3.19E-05
24,10,3.15E-05
38,42,3.15E-05
6,28,3.14E-05
20,25,3.14E-05
1,34,3.13E-05
38,15,3.13E-05
33,15,3.11E-05
11,47,3.10E-05
8,17,3.09E-05
32,36,3.09E-05
38,3,3.09E-05
14,5,3.08E-05
36,15,3.08E-05
38,41,3.08E-05
32,22,3.07E-05
39,26,3.07E-05
20,3,3.06E-05
25,47,3.05E-05
39,43,3.05E-05
1,38,3.04E-05
18,19,3.04E-05
22,16,3.04E-05
46,11,3.04E-05
46,37,3.04E-05
46,1,3.03E-05
14,38,3.02E-05
18,1,3.02E-05
35,4,3.02E-05
10,26,3.01E-05
31,3,3.01E-05
34,9,3.01E-05
38,21,3.01E-05
11,5,3.00E-05
47,34,3.00E-05
1,21,2.99E-05
37,29,2.99E-05
22,40,2.98E-05
37,32,2.98E-05
41,32,2.98E-05
9,21,2.97E-05
27,44,2.97E-05
7,24,2.96E-05
44,26,2.96E-05
33,17,2.95E-05
37,25,2.95E-05
9,25,2.94E-05
13,37,2.93E-05
17,31,2.92E-05
31,4,2.92E-05
31,36,2.92E-05
12,43,2.90E-05
13,35,2.90E-05
45,21,2.89E-05
10,16,2.86E-05
26,47,2.85E-05
8,25,2.84E-05
11,37,2.84E-05
29,46,2.84E-05
36,8,2.84E-05
15,2,2.83E-05
33,1,2.83E-05
13,43,2.82E-05
3,40,2.81E-05
9,5,2.81E-05
33,30,2.81E-05
28,41,2.80E-05
32,12,2.80E-05
38,30,2.80E-05
8,6,2.79E-05
34,21,2.79E-05
34,29,2.79E-05
40,21,2.79E-05
17,35,2.78E-05
26,3,2.78E-05
32,17,2.78E-05
13,38,2.77E-05
26,32,2.77E-05
12,38,2.76E-05
26,42,2.76E-05
3,44,2.75E-05
43,20,2.75E-05
45,30,2.75E-05
10,21,2.74E-05
23,3,2.74E-05
47,45,2.74E-05
19,34,2.71E-05
25,45,2.70E-05
2,19,2.69E-05
25,43,2.68E-05
39,29,2.68E-05
3,46,2.66E-05
33,18,2.66E-05
40,19,2.65E-05
1,20,2.64E-05
39,21,2.64E-05
41,10,2.64E-05
40,3,2.63E-05
29,43,2.62E-05
29,44,2.62E-05
21,15,2.61E-05
24,35,2.61E-05
34,46,2.61E-05
39,3,2.61E-05
24,37,2.60E-05
29,32,2.60E-05
12,30,2.59E-05
40,9,2.59E-05
31,8,2.58E-05
31,29,2.58E-05
40,10,2.58E-05
3,16,2.57E-05
28,19,2.57E-05
41,18,2.57E-05
44,30,2.56E-05
31,18,2.55E-05
31,43,2.55E-05
17,33,2.54E-05
35,18,2.53E-05
33,46,2.52E-05
34,41,2.52E-05
38,32,2.52E-05
8,16,2.50E-05
36,31,2.50E-05
44,21,2.50E-05
25,41,2.49E-05
27,41,2.49E-05
33,20,2.49E-05
44,1,2.49E-05
4,42,2.48E-05
47,33,2.48E-05
10,24,2.47E-05
23,30,2.47E-05
32,15,2.47E-05
42,18,2.47E-05
47,20,2.47E-05
10,34,2.46E-05
36,9,2.46E-05
36,46,2.46E-05
1,5,2.45E-05
2,35,2.45E-05
9,17,2.45E-05
32,44,2.45E-05
36,1,2.45E-05
19,1,2.44E-05
42,11,2.44E-05
47,10,2.43E-05
14,46,2.42E-05
24,36,2.42E-05
43,3,2.42E-05
47,43,2.42E-05
27,42,2.41E-05
33,43,2.40E-05
46,24,2.40E-05
5,20,2.39E-05
14,44,2.39E-05
22,33,2.39E-05
23,47,2.39E-05
37,10,2.39E-05
37,15,2.39E-05
15,24,2.38E-05
43,25,2.38E-05
18,3,2.37E-05
18,30,2.37E-05
29,45,2.37E-05
9,34,2.35E-05
19,3,2.35E-05
34,47,2.35E-05
8,33,2.34E-05
44,3,2.34E-05
4,19,2.33E-05
10,5,2.33E-05
38,47,2.33E-05
26,39,2.32E-05
28,2,2.32E-05
20,40,2.31E-05
45,3,2.28E-05
3,37,2.27E-05
13,18,2.26E-05
40,36,2.26E-05
23,37,2.25E-05
10,17,2.23E-05
13,46,2.23E-05
30,3,2.23E-05
33,42,2.23E-05
46,3,2.23E-05
30,9,2.22E-05
42,3,2.22E-05
8,5,2.21E-05
16,35,2.21E-05
4,43,2.20E-05
11,46,2.20E-05
16,6,2.20E-05
25,32,2.20E-05
40,15,2.19E-05
19,16,2.18E-05
4,17,2.17E-05
40,31,2.17E-05
47,21,2.17E-05
39,31,2.16E-05
29,19,2.15E-05
1,6,2.14E-05
14,18,2.13E-05
11,35,2.12E-05
19,2,2.12E-05
33,41,2.12E-05
35,15,2.12E-05
8,21,2.11E-05
19,33,2.11E-05
36,10,2.11E-05
31,1,2.10E-05
4,47,2.09E-05
41,30,2.09E-05
46,29,2.09E-05
1,26,2.08E-05
36,42,2.08E-05
36,43,2.08E-05
45,10,2.08E-05
1,19,2.07E-05
15,26,2.07E-05
18,10,2.07E-05
26,45,2.07E-05
41,21,2.07E-05
47,35,2.07E-05
41,20,2.06E-05
42,10,2.06E-05
3,35,2.05E-05
7,16,2.05E-05
13,44,2.05E-05
31,15,2.05E-05
34,3,2.05E-05
43,9,2.05E-05
45,26,2.05E-05
3,17,2.04E-05
3,42,2.04E-05
25,19,2.04E-05
26,46,2.03E-05
40,30,2.03E-05
4,44,2.02E-05
7,33,2.02E-05
21,30,2.02E-05
21,47,2.02E-05
25,3,2.02E-05
30,32,2.02E-05
38,17,2.02E-05
40,39,2.02E-05
43,19,2.02E-05
24,19,2.01E-05
30,44,2.01E-05
47,3,2.01E-05
7,18,2.00E-05
12,18,2.00E-05
12,46,2.00E-05
13,42,1.99E-05
16,38,1.99E-05
25,44,1.99E-05
30,47,1.99E-05
41,31,1.99E-05
11,38,1.98E-05
43,10,1.98E-05
11,18,1.97E-05
12,42,1.97E-05
17,3,1.97E-05
17,37,1.97E-05
30,10,1.97E-05
39,10,1.97E-05
5,34,1.96E-05
22,43,1.96E-05
30,39,1.95E-05
30,42,1.95E-05
41,3,1.95E-05
39,15,1.93E-05
47,41,1.93E-05
20,34,1.92E-05
37,20,1.92E-05
46,21,1.92E-05
26,41,1.91E-05
2,26,1.90E-05
9,41,1.90E-05
13,29,1.90E-05
37,3,1.90E-05
37,8,1.90E-05
43,15,1.90E-05
13,45,1.89E-05
23,38,1.89E-05
6,34,1.87E-05
15,25,1.87E-05
35,39,1.87E-05
44,39,1.87E-05
6,17,1.86E-05
24,43,1.86E-05
12,44,1.85E-05
45,31,1.85E-05
3,19,1.84E-05
3,21,1.84E-05
7,17,1.84E-05
9,2,1.84E-05
1,16,1.83E-05
18,2,1.83E-05
18,43,1.83E-05
39,45,1.83E-05
1,18,1.82E-05
8,47,1.82E-05
10,18,1.82E-05
18,42,1.82E-05
22,18,1.82E-05
33,47,1.82E-05
39,42,1.81E-05
40,20,1.80E-05
47,16,1.80E-05
47,44,1.80E-05
7,21,1.79E-05
8,35,1.79E-05
18,9,1.79E-05
19,43,1.79E-05
41,25,1.79E-05
9,29,1.78E-05
15,34,1.78E-05
18,29,1.78E-05
16,33,1.76E-05
18,35,1.76E-05
32,29,1.76E-05
2,31,1.75E-05
5,17,1.75E-05
36,2,1.75E-05
30,16,1.74E-05
36,18,1.74E-05
17,29,1.73E-05
31,20,1.73E-05
31,39,1.73E-05
32,25,1.73E-05
38,18,1.73E-05
3,43,1.72E-05
20,6,1.72E-05
32,21,1.72E-05
36,29,1.72E-05
20,18,1.71E-05
20,47,1.71E-05
27,45,1.71E-05
35,17,1.71E-05
43,21,1.71E-05
4,26,1.70E-05
14,45,1.70E-05
10,2,1.69E-05
33,3,1.69E-05
34,15,1.69E-05
25,6,1.68E-05
31,47,1.68E-05
32,24,1.68E-05
6,16,1.67E-05
6,19,1.67E-05
31,30,1.67E-05
42,32,1.67E-05
42,16,1.66E-05
47,8,1.66E-05
42,30,1.65E-05
8,44,1.64E-05
23,43,1.64E-05
26,19,1.64E-05
42,21,1.64E-05
45,2,1.64E-05
23,46,1.63E-05
45,16,1.62E-05
8,37,1.61E-05
13,30,1.61E-05
14,29,1.61E-05
37,9,1.61E-05
37,41,1.61E-05
28,45,1.60E-05
37,43,1.60E-05
40,18,1.60E-05
44,25,1.60E-05
45,25,1.60E-05
8,32,1.59E-05
23,35,1.59E-05
24,3,1.58E-05
39,9,1.58E-05
15,40,1.57E-05
43,32,1.57E-05
4,37,1.56E-05
15,21,1.56E-05
45,32,1.56E-05
17,2,1.55E-05
43,16,1.55E-05
4,39,1.54E-05
10,43,1.54E-05
16,37,1.54E-05
33,10,1.54E-05
47,9,1.53E-05
17,19,1.52E-05
39,20,1.52E-05
42,9,1.52E-05
35,29,1.51E-05
35,30,1.51E-05
7,38,1.50E-05
14,30,1.50E-05
42,25,1.50E-05
19,18,1.49E-05
34,30,1.49E-05
12,29,1.48E-05
34,17,1.48E-05
34,20,1.48E-05
39,8,1.48E-05
4,21,1.47E-05
7,34,1.47E-05
14,41,1.45E-05
22,29,1.45E-05
22,35,1.45E-05
22,46,1.45E-05
36,41,1.45E-05
24,44,1.44E-05
24,46,1.44E-05
46,19,1.44E-05
1,35,1.43E-05
6,24,1.42E-05
1,33,1.41E-05
11,30,1.41E-05
30,31,1.41E-05
43,17,1.41E-05
46,30,1.41E-05
1,47,1.40E-05
21,37,1.40E-05
30,46,1.40E-05
32,8,1.40E-05
32,39,1.40E-05
24,47,1.39E-05
33,9,1.39E-05
36,20,1.39E-05
38,31,1.39E-05
32,42,1.38E-05
37,18,1.38E-05
38,29,1.38E-05
43,31,1.38E-05
44,18,1.38E-05
1,17,1.37E-05
11,44,1.37E-05
13,39,1.37E-05
14,36,1.37E-05
21,3,1.37E-05
21,44,1.37E-05
36,16,1.37E-05
37,17,1.37E-05
37,47,1.37E-05
2,37,1.36E-05
35,2,1.36E-05
40,2,1.36E-05
12,41,1.35E-05
32,1,1.35E-05
2,46,1.34E-05
16,2,1.34E-05
16,30,1.34E-05
17,6,1.34E-05
29,6,1.34E-05
35,10,1.34E-05
40,16,1.34E-05
42,2,1.34E-05
45,18,1.34E-05
47,36,1.34E-05
13,36,1.33E-05
29,41,1.33E-05
2,36,1.32E-05
17,42,1.32E-05
45,20,1.32E-05
25,2,1.31E-05
29,42,1.31E-05
7,44,1.30E-05
10,29,1.30E-05
10,47,1.30E-05
31,16,1.30E-05
35,47,1.30E-05
40,29,1.30E-05
43,39,1.30E-05
11,31,1.29E-05
5,40,1.28E-05
10,35,1.28E-05
31,44,1.28E-05
46,9,1.28E-05
46,31,1.28E-05
8,42,1.27E-05
14,31,1.27E-05
19,42,1.27E-05
27,2,1.27E-05
3,26,1.26E-05
31,10,1.26E-05
5,21,1.25E-05
5,35,1.25E-05
9,18,1.25E-05
22,38,1.25E-05
12,39,1.24E-05
13,32,1.24E-05
26,6,1.24E-05
6,38,1.23E-05
5,38,1.22E-05
34,45,1.22E-05
19,17,1.21E-05
5,19,1.20E-05
14,32,1.20E-05
25,42,1.20E-05
41,9,1.20E-05
5,26,1.19E-05
5,36,1.19E-05
35,16,1.19E-05
7,47,1.18E-05
11,36,1.18E-05
11,42,1.18E-05
25,31,1.18E-05
30,15,1.18E-05
5,24,1.17E-05
9,33,1.17E-05
14,39,1.17E-05
25,39,1.17E-05
5,33,1.16E-05
39,41,1.16E-05
9,43,1.15E-05
20,29,1.15E-05
30,19,1.15E-05
30,20,1.15E-05
30,43,1.15E-05
43,6,1.15E-05
43,29,1.15E-05
44,16,1.15E-05
45,9,1.15E-05
21,35,1.14E-05
24,31,1.14E-05
24,42,1.14E-05
33,45,1.14E-05
39,17,1.14E-05
42,19,1.14E-05
46,32,1.14E-05
2,47,1.13E-05
21,31,1.13E-05
22,45,1.13E-05
22,47,1.13E-05
45,17,1.13E-05
17,47,1.12E-05
24,45,1.12E-05
4,31,1.11E-05
16,19,1.11E-05
22,2,1.11E-05
34,19,1.11E-05
16,5,1.10E-05
16,39,1.10E-05
23,44,1.10E-05
47,18,1.10E-05
29,2,1.09E-05
44,29,1.09E-05
1,37,1.07E-05
17,43,1.07E-05
36,32,1.07E-05
36,47,1.07E-05
42,29,1.07E-05
7,32,1.06E-05
7,46,1.05E-05
11,29,1.05E-05
22,44,1.05E-05
27,6,1.05E-05
32,43,1.05E-05
36,45,1.05E-05
10,30,1.04E-05
22,37,1.04E-05
26,2,1.04E-05
32,30,1.04E-05
1,46,1.03E-05
11,45,1.03E-05
32,20,1.03E-05
6,18,1.02E-05
9,37,1.02E-05
32,3,1.02E-05
32,46,1.02E-05
43,18,1.02E-05
4,18,1.01E-05
4,30,1.01E-05
20,5,1.01E-05
21,43,1.01E-05
4,25,1.00E-05
12,36,1.00E-05
13,41,1.00E-05
21,6,1.00E-05
24,2,1.00E-05
32,10,9.99E-06
22,6,9.96E-06
38,19,9.94E-06
38,2,9.93E-06
23,36,9.92E-06
8,38,9.91E-06
11,32,9.90E-06
22,42,9.84E-06
20,37,9.83E-06
2,18,9.81E-06
8,30,9.81E-06
2,25,9.72E-06
1,43,9.69E-06
46,17,9.69E-06
2,42,9.66E-06
38,9,9.64E-06
12,45,9.55E-06
42,17,9.55E-06
35,6,9.51E-06
28,6,9.50E-06
46,10,9.50E-06
15,33,9.48E-06
46,15,9.46E-06
23,42,9.41E-06
15,36,9.39E-06
34,18,9.39E-06
11,41,9.37E-06
42,39,9.37E-06
5,16,9.32E-06
18,37,9.32E-06
35,9,9.31E-06
34,6,9.27E-06
45,19,9.27E-06
15,37,9.25E-06
41,39,9.20E-06
20,33,9.19E-06
11,39,9.18E-06
18,36,9.17E-06
7,40,9.14E-06
44,19,9.11E-06
19,47,9.10E-06
10,33,9.06E-06
28,5,9.06E-06
47,19,9.04E-06
3,25,9.03E-06
9,30,9.03E-06
41,16,9.01E-06
19,30,8.98E-06
18,47,8.97E-06
16,47,8.96E-06
10,38,8.94E-06
7,43,8.87E-06
19,37,8.87E-06
41,2,8.86E-06
17,32,8.83E-06
16,29,8.82E-06
21,38,8.82E-06
9,35,8.78E-06
21,46,8.77E-06
43,2,8.76E-06
16,43,8.73E-06
29,5,8.72E-06
43,30,8.72E-06
41,17,8.70E-06
1,29,8.69E-06
24,39,8.68E-06
31,17,8.65E-06
22,30,8.61E-06
23,39,8.60E-06
17,46,8.51E-06
24,41,8.42E-06
2,29,8.30E-06
46,20,8.28E-06
37,42,8.27E-06
37,16,8.22E-06
23,32,8.15E-06
12,32,8.14E-06
7,36,8.11E-06
8,46,8.09E-06
23,2,8.09E-06
20,45,8.07E-06
6,26,8.06E-06
46,2,8.06E-06
1,25,8.02E-06
20,2,7.92E-06
38,6,7.90E-06
39,47,7.89E-06
23,6,7.84E-06
38,16,7.84E-06
10,39,7.83E-06
7,26,7.79E-06
4,45,7.77E-06
7,25,7.75E-06
23,41,7.73E-06
42,20,7.68E-06
35,20,7.67E-06
2,32,7.66E-06
1,42,7.65E-06
9,36,7.63E-06
38,20,7.62E-06
21,2,7.61E-06
2,44,7.60E-06
47,17,7.59E-06
5,37,7.57E-06
12,31,7.57E-06
2,43,7.55E-06
10,41,7.53E-06
46,8,7.51E-06
2,30,7.46E-06
25,5,7.39E-06
34,10,7.34E-06
22,36,7.32E-06
35,3,7.31E-06
2,41,7.30E-06
36,44,7.29E-06
22,41,7.28E-06
8,45,7.23E-06
1,39,7.21E-06
13,31,7.20E-06
22,32,7.07E-06
20,30,7.06E-06
23,45,7.03E-06
32,11,7.03E-06
44,10,7.03E-06
44,6,6.98E-06
45,15,6.97E-06
1,30,6.93E-06
44,20,6.92E-06
32,41,6.90E-06
44,15,6.82E-06
27,5,6.81E-06
36,6,6.81E-06
16,46,6.73E-06
39,19,6.70E-06
7,35,6.69E-06
9,32,6.69E-06
36,19,6.69E-06
17,30,6.67E-06
39,16,6.60E-06
16,44,6.59E-06
47,15,6.59E-06
44,9,6.58E-06
44,31,6.52E-06
17,5,6.51E-06
17,44,6.48E-06
8,29,6.47E-06
16,45,6.45E-06
46,18,6.45E-06
9,44,6.43E-06
8,41,6.40E-06
15,35,6.40E-06
46,16,6.36E-06
47,37,6.34E-06
21,39,6.33E-06
16,32,6.31E-06
16,36,6.31E-06
15,43,6.28E-06
44,32,6.28E-06
15,46,6.24E-06
6,40,6.20E-06
15,38,6.20E-06
41,29,6.13E-06
19,31,6.09E-06
21,32,6.09E-06
6,21,6.07E-06
21,36,6.04E-06
47,30,6.03E-06
1,31,6.01E-06
18,41,5.98E-06
6,25,5.96E-06
38,45,5.92E-06
18,31,5.91E-06
30,41,5.91E-06
20,31,5.87E-06
19,44,5.86E-06
30,2,5.79E-06
43,5,5.75E-06
33,2,5.72E-06
24,5,5.69E-06
34,2,5.65E-06
35,5,5.64E-06
34,5,5.62E-06
33,6,5.61E-06
41,5,5.61E-06
34,16,5.60E-06
8,36,5.57E-06
18,5,5.57E-06
3,39,5.56E-06
4,32,5.56E-06
20,35,5.53E-06
37,46,5.52E-06
8,43,5.49E-06
7,37,5.45E-06
15,29,5.45E-06
1,44,5.42E-06
23,5,5.40E-06
42,6,5.38E-06
15,47,5.35E-06
37,19,5.34E-06
9,47,5.32E-06
9,42,5.30E-06
10,36,5.28E-06
30,45,5.28E-06
1,41,5.24E-06
10,46,5.22E-06
10,44,5.20E-06
9,38,5.14E-06
5,41,5.06E-06
23,31,5.04E-06
9,46,4.98E-06
5,47,4.95E-06
7,41,4.90E-06
46,5,4.83E-06
46,39,4.81E-06
44,2,4.76E-06
20,43,4.64E-06
47,32,4.61E-06
45,29,4.59E-06
22,31,4.58E-06
47,29,4.55E-06
40,6,4.52E-06
16,41,4.48E-06
16,42,4.47E-06
16,31,4.34E-06
31,41,4.32E-06
31,42,4.32E-06
31,45,4.32E-06
31,46,4.32E-06
24,6,4.30E-06
33,19,4.25E-06
1,36,4.24E-06
33,5,4.20E-06
15,30,4.19E-06
31,2,4.12E-06
22,5,4.11E-06
24,32,4.11E-06
6,30,4.10E-06
6,41,4.10E-06
6,33,4.08E-06
6,39,4.07E-06
6,47,4.05E-06
7,31,4.01E-06
6,43,4.00E-06
15,41,4.00E-06
22,39,4.00E-06
10,37,3.98E-06
40,5,3.97E-06
10,42,3.94E-06
39,2,3.94E-06
7,30,3.88E-06
47,39,3.87E-06
31,19,3.84E-06
21,42,3.82E-06
35,19,3.80E-06
21,41,3.78E-06
3,41,3.77E-06
3,47,3.77E-06
21,45,3.77E-06
3,32,3.71E-06
26,5,3.70E-06
3,31,3.68E-06
32,45,3.56E-06
42,5,3.53E-06
20,46,3.49E-06
36,3,3.49E-06
20,36,3.47E-06
32,19,3.34E-06
4,29,3.26E-06
19,46,3.26E-06
19,5,3.22E-06
36,5,3.21E-06
19,29,3.16E-06
39,6,3.11E-06
15,42,3.10E-06
18,46,3.06E-06
15,39,3.03E-06
19,39,2.91E-06
19,45,2.91E-06
18,6,2.90E-06
19,36,2.84E-06
37,6,2.76E-06
7,42,2.73E-06
8,31,2.71E-06
37,5,2.70E-06
37,45,2.70E-06
10,31,2.63E-06
5,25,2.62E-06
5,30,2.60E-06
10,32,2.51E-06
9,39,2.43E-06
5,42,2.39E-06
5,18,2.35E-06
1,45,2.31E-06
20,42,2.30E-06
20,41,2.28E-06
20,38,2.25E-06
45,5,2.24E-06
44,5,2.21E-06
20,39,2.17E-06
1,32,2.16E-06
17,45,2.16E-06
5,45,2.15E-06
15,44,2.14E-06
6,36,2.05E-06
6,45,2.05E-06
6,46,2.05E-06
15,31,2.05E-06
6,35,2.04E-06
15,32,2.04E-06
17,41,2.01E-06
6,42,2.00E-06
3,29,1.99E-06
6,37,1.96E-06
6,32,1.94E-06
2,39,1.91E-06
2,45,1.91E-06
3,18,1.83E-06
3,30,1.82E-06
47,2,1.82E-06
47,31,1.74E-06
46,6,1.65E-06
7,45,1.38E-06
9,45,1.37E-06
7,29,1.32E-06
21,5,1.31E-06
20,44,1.18E-06
20,32,1.16E-06
4,41,1.11E-06
15,45,9.68E-07
8,39,8.83E-07
3,45,0
5,29,0
5,31,0
5,32,0
5,39,0
5,43,0
5,44,0
5,46,0
6,29,0
6,31,0
6,44,0
7,39,0
9,31,0
10,45,0
17,39,0
18,39,0
18,44,0
18,45,0
19,32,0
19,35,0
19,41,0
30,5,0
30,6,0
31,5,0
31,6,0
31,9,0
32,2,0
32,5,0
32,6,0
32,9,0
32,47,0
36,17,0
37,2,0
38,5,0
39,5,0
41,6,0
45,6,0
47,5,0
47,6,0