Pref,2021/07/01,2021/07/02,2021/07/03,2021/07/04,2021/07/05,2021/07/06,2021/07/07,2021/07/08,2021/07/09,2021/07/10,2021/07/11,2021/07/12,2021/07/13,2021/07/14,2021/07/15,2021/07/16,2021/07/17,2021/07/18,2021/07/19,2021/07/20,2021/07/21,2021/07/22,2021/07/23,2021/07/24,2021/07/25,2021/07/26,2021/07/27,2021/07/28,2021/07/29,2021/07/30,2021/07/31,2021/08/01,2021/08/02,2021/08/03,2021/08/04,2021/08/05,2021/08/06,2021/08/07,2021/08/08,2021/08/09,2021/08/10,2021/08/11,2021/08/12,2021/08/13,2021/08/14,2021/08/15,2021/08/16,2021/08/17,2021/08/18,2021/08/19,2021/08/20,2021/08/21,2021/08/22,2021/08/23,2021/08/24,2021/08/25,2021/08/26,2021/08/27,2021/08/28,2021/08/29,2021/08/30,2021/08/31,2021/09/01,2021/09/02,2021/09/03,2021/09/04,2021/09/05,2021/09/06,2021/09/07,2021/09/08,2021/09/09,2021/09/10,2021/09/11,2021/09/12,2021/09/13,2021/09/14,2021/09/15,2021/09/16,2021/09/17,2021/09/18,2021/09/19,2021/09/20,2021/09/21,2021/09/22,2021/09/23,2021/09/24,2021/09/25,2021/09/26,2021/09/27,2021/09/28,2021/09/29,2021/09/30,2021/10/01,2021/10/02,2021/10/03,2021/10/04,2021/10/05,2021/10/06,2021/10/07,2021/10/08,2021/10/09,2021/10/10,2021/10/11,2021/10/12,2021/10/13,2021/10/14,2021/10/15,2021/10/16,2021/10/17,2021/10/18,2021/10/19,2021/10/20,2021/10/21,2021/10/22,2021/10/23,2021/10/24,2021/10/25,2021/10/26,2021/10/27,2021/10/28,2021/10/29,2021/10/30,2021/10/31,2021/11/01,2021/11/02,2021/11/03,2021/11/04,2021/11/05,2021/11/06,2021/11/07,2021/11/08,2021/11/09,2021/11/10,2021/11/11,2021/11/12,2021/11/13,2021/11/14,2021/11/15,2021/11/16,2021/11/17,2021/11/18,2021/11/19,2021/11/20,2021/11/21,2021/11/22,2021/11/23,2021/11/24,2021/11/25,2021/11/26,2021/11/27,2021/11/28,2021/11/29,2021/11/30,2021/12/01,2021/12/02,2021/12/03,2021/12/04,2021/12/05,2021/12/06,2021/12/07,2021/12/08,2021/12/09,2021/12/10,2021/12/11,2021/12/12,2021/12/13,2021/12/14,2021/12/15,2021/12/16,2021/12/17,2021/12/18,2021/12/19,2021/12/20,2021/12/21,2021/12/22,2021/12/23,2021/12/24,2021/12/25,2021/12/26,2021/12/27,2021/12/28,2021/12/29,2021/12/30,2021/12/31
0,4531106,4586296,4625679,4645168,4605809,4551372,4480445,4437332,4385006,4413033,4517247,4560127,4577344,4623218,4656581,4673078,4707412,4754590,4763536,4814613,4904981,4582210,4200612,4356013,4426383,4691065,4916464,5126347,5751123,6483593,6636339,6547559,6440816,6360085,6241224,6157547,6096249,5982254,5916979,5317265,5282846,5159219,4709008,4093781,3614219,3358519,3724618,3591795,3533475,3737940,4103610,4417366,4649534,4716248,4667705,4621089,4582367,4554123,4578197,4598892,4233852,4115360,3974560,3876575,3630073,3336289,3107094,3239853,3232870,3291406,3328970,3522108,3791833,3984709,4082651,4107727,4109160,4126402,4154484,4156531,4129899,3768140,3901890,4002676,3680892,3807797,4024250,4185017,4645752,4580531,4518110,4881605,4755060,4594023,4473361,4389520,4323217,4270916,4207908,4227496,4268994,4260805,3944760,3834189,3730794,3444771,3300089,3136134,3032458,3196726,3170929,3148157,3285508,3269016,3274455,3281477,3255196,3195519,3125773,3069668,2995132,2898817,2801829,2724231,2638663,2369709,2309368,2211158,2081218,1951309,1856571,1758820,1855508,1734918,1628483,1479822,1377897,1315012,1258446,1199762,1153196,1088661,1021639,979371,929679,829382,762576,721985,675249,607838,567630,554858,596277,580455,544072,486384,406936,346577,314769,276999,267640,259829,250775,235593,227227,223279,206541,205156,203432,200711,197650,194799,191914,203031,199611,195913,186954,179698,179053,176364,170467,156230,140814,108384
1,180835,182649,184631,187557,183758,181908,177481,173950,170889,172471,176030,182120,185846,190249,193856,197451,204421,207198,205281,203925,204934,182981,162049,162703,160458,172118,180288,189588,221045,250425,257454,260741,253911,251288,248409,245582,243460,237021,234358,207761,203416,193882,175002,155787,139580,127399,142905,137007,134152,139495,147816,161921,173674,175532,172617,170203,168717,168679,167558,164029,149717,146914,144089,141569,134898,126353,117415,126613,129506,134235,138353,147327,157265,168167,171571,172976,171917,171694,172182,168418,161919,143241,146483,149771,132689,138722,145677,156389,180506,182864,183198,204730,201474,205316,209031,204437,200720,200732,198892,202107,203180,200097,187500,183504,175733,159335,153441,147693,144826,151945,152978,155437,163293,164312,160979,158148,158103,153774,146271,142883,136791,130933,124970,121044,117273,104830,103460,98519,95241,90582,86058,81481,87432,81559,75580,68730,63718,59803,56288,54015,51757,48759,48067,47567,45191,39007,34643,33526,31850,28533,26110,25296,28138,28786,26882,24380,23283,21293,20017,17978,16992,16246,15652,15400,15942,15536,14088,14291,14396,14433,13097,12136,11785,12602,12261,12040,10867,9816,9786,9346,8835,8143,7276,5314
2,43418,44583,44950,47174,46606,46103,45369,45074,44755,46644,46997,49282,50618,52714,54291,54684,55580,56396,55852,55224,54979,48442,41155,43310,45528,48654,51524,53278,61297,69596,70144,69545,67074,64933,62161,60667,59459,56643,52742,45135,45609,45164,38723,31253,24125,21416,25618,22253,21039,25250,31031,35698,39134,40248,40154,41732,41465,41091,43448,41542,37158,36273,34551,34208,30576,25307,23591,26772,26816,26791,26326,28537,32887,34632,34905,34858,33419,32679,32994,34476,38238,34180,35191,35957,31792,33182,35390,38016,43074,43973,44227,50336,50431,47224,44661,45041,45662,47261,49092,51567,55320,54228,50415,49425,47946,42275,38967,35640,34154,36858,35563,34973,37132,36492,37107,43029,41567,40272,38494,36697,35474,35090,30251,29348,28396,25571,25855,25254,22743,23345,22259,21784,23414,22068,20981,19580,17048,17466,16868,16750,16546,16913,14042,11312,9761,8324,6845,5973,4952,5701,5591,5566,6355,6647,6255,5487,4323,3912,3537,3190,2886,2867,2530,2660,2743,2491,2226,2351,2044,2100,1814,1808,2201,2187,2114,2186,2084,1964,1880,1491,1581,1337,1154,846
3,43339,43726,44761,45900,46189,46133,45045,46191,45944,46813,50097,48990,48912,50113,49781,49681,50996,53428,53891,53984,53829,47701,42645,45666,48007,49079,50596,52314,57631,63062,60988,54514,53784,52697,50120,49616,50093,49514,49935,44698,44849,45151,41960,36697,30458,25401,26527,24804,23952,25627,29229,33325,35928,38349,37474,36613,36393,35964,34495,35847,32805,32214,30647,29011,25843,22588,18226,18400,18943,20217,22212,25705,28101,31555,34735,35293,35143,35168,35632,35181,34732,30882,32124,33731,29368,32469,37083,40424,45864,45704,45905,51036,48805,48953,49982,48048,46685,44893,43787,43564,45486,48121,45393,44876,44217,40818,38748,35722,30819,33294,34628,34905,37569,38679,37446,39143,41034,40999,41954,42851,43029,42858,40326,39144,37877,33137,33050,33094,34720,34151,33031,31624,33923,32055,29881,26014,23149,21531,20683,19493,18616,17941,17234,17185,16838,14895,14221,13608,13068,11942,10840,11036,13187,12959,12419,11520,9457,7793,6598,4505,4270,3418,3429,2520,2040,1962,1751,1721,1735,1679,1837,1838,1879,2077,2096,2195,2082,2563,3312,3225,3124,2896,2625,2108
4,115742,116851,114955,114950,112146,108351,103868,100351,96659,95268,94536,89388,83832,81591,78637,74587,73400,72411,71235,69995,68945,61026,53287,53682,53285,57253,60761,64123,75071,86465,91375,94626,96474,99166,100114,100991,103552,103064,102356,91832,91008,88933,80680,67902,58102,51262,55837,54826,54481,58624,68024,73105,77249,80846,79714,77398,77013,75898,77652,78624,73574,71321,68933,65607,59908,51649,47888,47034,46789,49184,51616,56095,62673,72042,77052,80154,82227,84285,86789,90682,93057,86750,89587,90229,82412,84993,86504,85249,97134,98164,98795,108465,107705,104113,96400,93239,89324,86726,83032,79299,77895,78584,73404,72332,72033,67622,67466,66886,66626,64247,60442,59483,61193,60495,61101,63484,64230,62959,59940,59901,58015,56329,50245,48673,47620,43237,42057,40955,40740,42303,41345,40141,42782,41329,40240,36624,31801,29663,27381,25513,23227,19354,16917,16140,14940,12605,11120,10285,9075,9097,10100,10227,11318,11254,10486,9688,7112,4334,3753,2963,2688,2621,2366,2078,2075,1911,1618,1428,1313,1273,1533,1526,1584,1946,2278,2708,3146,3994,4201,4424,4544,4138,3487,2718
5,17550,18324,22653,26302,26856,27731,29245,30305,31032,32784,37267,41621,44683,48693,52573,55773,56028,56675,56096,58008,59523,64049,67699,70441,70220,71516,71388,72039,69448,66608,66824,62698,56745,51494,45545,40239,35571,27018,23087,21870,22856,22634,19519,16753,13870,11413,12726,11345,9169,9447,11256,19133,29553,33877,36898,41360,45364,49755,46828,41140,37421,37711,37331,36088,31213,27944,25136,26797,25901,25962,27793,31973,36175,38371,36727,34934,32295,28985,26260,23901,21948,20603,20567,20372,18892,19055,19942,21978,23357,23283,23201,24241,24399,23829,27231,28956,30639,32153,34474,37151,39867,37970,35770,36918,37977,35946,35830,36859,36159,38739,37509,36855,38585,37614,35289,32757,30193,28343,26045,23913,21401,18547,16777,16471,16131,15093,14825,14630,13793,13793,13080,12300,12084,10978,9915,8566,9084,8747,8449,8284,7777,7788,11139,13736,13321,12607,12686,13205,12546,9801,7535,7156,6879,6334,5763,6235,6775,6516,6702,6910,6830,6540,5963,4535,2738,2499,2229,2033,2058,2015,1505,768,760,963,850,857,1008,913,952,977,815,791,688,320
6,49040,47962,46757,47785,46642,47235,47206,47764,48303,51007,51460,52433,51201,50485,50194,49244,48594,49912,49959,48420,48064,44252,39562,38288,35556,36454,38016,40474,46100,51552,52055,52774,51640,51018,48864,46365,45267,46317,46911,42034,41818,40627,36107,30781,23545,17724,18261,15724,14841,17368,20402,25839,32145,33751,34831,36238,37667,39458,43559,43696,42173,42636,41471,38772,35038,27276,22217,24534,24670,25541,27848,31733,36836,40659,41388,38919,37246,35975,34169,31481,29527,24710,25733,25102,21788,21857,25178,27329,30319,29481,29749,32143,31370,29403,27175,26231,28481,28483,30459,33160,31085,30777,29336,27790,27297,23346,21973,22177,22145,24369,24387,24449,26132,26264,27710,28075,27489,25975,25789,26615,24624,25128,25992,24654,24096,23598,24168,24176,23079,22287,21703,21043,19384,16654,15718,13848,11511,11320,11307,11713,11387,10643,7891,7968,8396,7695,7007,6425,7211,8382,8189,8065,8922,9150,8933,7529,5635,3774,3020,2095,1536,1119,954,1113,1197,1200,1082,1106,1253,1248,1086,1399,1472,1639,1622,1580,1527,1486,1085,1101,1088,984,845,637
7,68409,68302,68112,68361,67604,66545,65531,65597,65161,66575,69240,70101,70859,72042,71408,71582,71942,71416,71315,72498,72217,65897,59546,58520,58223,61726,64349,68004,78218,89565,93268,91711,89176,85985,83703,84104,82269,81003,80228,72218,71432,69873,60032,48421,41229,37879,39572,37544,37539,44125,52829,60047,67260,73165,75651,76213,74649,75383,73594,71105,63955,60268,55190,51369,43493,38216,32844,32739,32510,33937,36325,41700,46361,49638,54694,56199,57057,56483,57759,58943,60063,52421,53133,54273,48421,50392,52783,54263,63063,62171,61688,69664,65701,63896,63371,60995,60467,60476,59947,62112,61793,62185,57256,55541,52932,47346,45602,42594,40297,43296,44162,45562,48922,49645,49144,49012,50551,49673,48503,47816,47214,49362,49791,49333,48423,44490,46112,44960,43230,40303,39308,38542,42856,41296,40375,39117,41112,39838,37567,33977,30876,28607,27585,24850,22488,20417,19013,17712,15793,14054,14634,13654,13900,12625,11240,9514,7042,4852,4387,3629,3592,3374,3133,3454,3526,3477,3161,2970,2974,2634,2576,2662,2588,2906,2875,2913,3046,2896,2770,2790,2610,2362,1996,1452
8,102112,104708,104248,105008,102174,99619,98450,96872,92914,90297,93287,94997,95251,94636,95434,96472,98232,99194,98291,98644,99902,95949,89218,95539,98251,105881,112290,116688,128589,143648,146960,142205,139492,135746,134085,131606,129672,129981,131113,121091,125306,127704,120466,108633,94019,86523,91974,88273,85286,90646,98960,106215,112430,116435,116646,115843,115758,116989,121875,126151,116532,112579,109028,104242,96488,86129,73716,75110,72957,71220,70114,73862,79029,81953,87058,89182,92334,95402,99248,100665,99920,88298,91739,94396,84492,88109,90717,92771,106354,104949,104037,115149,109269,109177,112871,114690,115170,116465,117194,120593,124002,125631,115545,111040,105456,97481,92677,89351,86742,90798,91564,91459,95834,98207,97129,96854,96911,96142,96712,95649,91777,87021,83805,78715,73909,63299,59041,55037,52560,48472,45699,42923,47115,44698,41807,37956,34821,33730,33092,30488,29018,27956,26255,25342,24115,20514,18492,17161,15801,14670,13337,13386,15854,15723,14962,14019,12830,11903,10011,7875,7338,6737,5849,4865,4857,4721,4280,4178,4089,3838,3552,4312,4232,4609,4755,4858,4848,5100,4553,4633,4360,3931,3298,2361
9,51805,52552,54067,54965,55170,56387,58335,59959,60702,63021,68253,69782,70672,70567,70738,71773,72476,72294,73934,75228,77563,72353,65108,66853,69218,70202,70582,71216,78541,86522,84986,80956,79390,77464,73477,70887,70546,70284,66787,59562,60235,61176,58840,52231,44878,42030,45055,46784,47990,51034,59884,69824,79003,84963,85796,85796,86347,85337,83293,81525,75148,72745,71855,70994,64938,55898,49432,48676,46876,46441,46175,49950,56981,58632,62074,60928,58463,55295,54496,52617,52379,45887,46598,47743,44985,46598,52606,57742,65928,65954,67716,74350,75291,76341,80509,81577,84098,86373,89556,92528,97494,100861,93440,94237,94620,86994,85637,79354,73548,78758,76444,74169,77629,75052,74270,71594,70192,67339,64968,62524,60444,56174,54032,52539,50812,44707,45067,43341,44263,41938,41204,40442,43480,40051,39341,35987,34862,32333,31991,30463,30912,28910,30838,31983,31824,27796,27236,25630,25552,21140,18193,16904,17442,14642,12338,9323,6525,3827,3403,3083,3068,3113,3163,3152,3071,3031,2829,2771,2722,2709,2466,2748,2605,2701,2707,2581,2287,2166,1890,1816,1735,1512,1323,954
10,69157,70868,72935,73498,75129,74993,74401,75099,74740,75291,76351,78219,79462,82262,85159,87012,88287,87320,86706,87409,87062,78739,68405,70398,71743,75455,76610,78230,88218,102027,103338,104887,99155,96858,92765,88480,86460,86164,86980,82936,86120,87745,85828,78525,74459,73887,77382,75080,74579,78223,87135,89528,88946,90516,89098,87958,87451,84527,85274,84459,78678,75862,73804,71390,66939,62510,61057,63610,64458,65504,67555,71502,76579,79265,80297,79860,79491,77964,75974,76812,77061,71120,74172,77760,73793,77029,78136,79662,85065,80897,75540,77294,71795,66730,58810,55277,52615,49684,47313,47192,44527,45165,41803,41091,40245,36919,36325,36347,36357,37683,36624,36793,38247,37779,39402,39897,39473,38843,37260,36061,34511,33359,31753,30194,28899,25915,26430,24198,20876,20187,18703,17060,17971,15601,13770,11217,9584,9214,9271,8637,8637,8695,8448,8370,7911,7003,6690,6351,5894,6045,5836,5809,6505,6153,5587,4980,3801,3672,3430,2786,2857,2900,2931,2801,2800,2731,2597,2581,2531,2673,2740,2860,2889,3033,2950,3050,2727,2629,2475,2380,2391,2253,2028,1525
11,239473,243642,251412,259778,258617,255441,251816,251203,248508,250408,258119,259328,261100,261278,262127,263166,265128,261773,263433,266299,272184,254915,231191,233595,233280,250129,265884,277130,308516,351607,356840,348449,348116,348735,350237,354965,362577,362092,365258,325870,321798,312436,280104,238176,213318,203875,228110,219943,214714,225524,245612,256848,263306,264281,259043,252283,245643,239554,239201,238543,217765,206344,196914,190631,178311,168828,160414,166757,169132,174624,179533,190344,203249,215859,224388,231575,238310,245625,252975,260780,263956,241722,252031,260211,242824,252483,261153,272177,305316,301826,301481,322372,314720,305486,299171,295053,292995,285332,280177,282107,284923,283106,262685,252854,244563,227579,217203,212397,207101,214764,212820,211224,219864,219065,220228,222711,224231,226169,227852,229118,227815,225889,220759,217982,213453,191560,187519,182194,172259,164284,158176,150471,161368,151387,144714,139185,133009,126602,120190,113523,107693,99841,92390,86778,82248,72246,67952,64790,60692,54353,52658,49639,53376,50734,47629,41358,33292,24896,21090,16489,15283,14269,13506,13689,14053,13837,12757,12852,13103,13062,12343,12038,12007,12955,12931,12628,12436,11851,11697,11202,10606,9678,8752,6310
12,194345,193250,194146,189910,190177,191373,191493,194827,196419,198755,208428,210632,211141,212014,213074,213387,214472,222169,226443,236551,246055,232504,215902,222958,223406,235841,242608,251169,281834,321451,331296,334639,337927,341540,343218,347592,350346,344661,337807,299545,289524,277418,251062,214220,192202,179746,199905,194432,191200,197015,209953,220126,227249,227536,223909,221271,219115,218494,221070,218624,206064,204234,197055,193356,186194,175157,166800,169311,164076,164103,163540,170517,182485,188231,193364,197153,199226,204338,208552,210138,211964,191136,199403,208960,192273,199333,207184,214380,242458,241671,238973,261855,251359,245551,242369,235450,228681,227316,223130,226388,229012,225771,212865,207881,201043,185534,178143,172092,177020,183867,182537,180964,186701,185595,187339,188619,189332,188303,187011,186844,185260,182744,180640,176573,171473,155416,151149,145435,139341,126065,120986,114924,120114,112778,105236,96352,88995,83361,79760,76171,73498,68489,64629,60898,57731,50793,46647,43496,41908,39300,40152,40787,44189,42478,39431,36135,32121,28673,25244,21879,20526,20056,19558,19283,18573,18063,16813,16316,16762,15575,14417,13209,12548,12856,12599,11927,11291,9771,9765,9734,9699,8802,7852,6148
13,443331,458272,460577,436488,437776,437553,433297,428368,425723,434866,455222,455874,453593,451940,457948,463629,469782,473852,489449,511290,540053,525657,498227,518072,517828,558653,596938,630846,709557,809197,832667,842948,846088,847998,849773,852295,849816,838578,839309,758011,748149,729816,682570,622220,593136,583663,632500,611726,597423,602286,619177,625164,629463,625688,615253,603563,591098,576587,576517,577861,541874,524108,501923,491112,475056,461400,454382,457657,448818,449111,445722,446848,457335,456170,458129,460149,463220,469669,477448,473809,474191,443880,457703,470181,435451,440790,443687,437053,475096,464212,449843,483902,467578,447194,432778,418292,404482,390826,373962,373453,375140,378397,355271,343976,330338,312465,299310,292936,287336,291258,283484,278386,282069,271647,268471,263837,260657,255638,252447,243040,234549,225079,218418,212723,205032,184910,178302,169760,155531,139920,132817,127735,133777,126044,121572,113893,111674,107770,102335,97014,94039,87956,86876,84422,80529,73615,67964,62971,58428,52671,49369,47578,49196,46278,43065,37872,30530,25266,23149,20959,20557,20488,20698,21113,21519,21494,20438,20845,20684,20805,20982,20863,20651,21654,20877,20250,19248,18838,18508,18050,17055,15692,14133,10718
14,258006,265927,265775,267468,275386,284234,292578,301770,312429,326860,342818,356077,362725,368044,369892,372068,369993,372382,371708,375349,387971,378124,353122,368186,376811,394786,408841,420466,461455,515023,524556,515035,502184,493452,486007,479566,470379,462289,456118,413482,407145,393193,359928,324753,292606,280749,311520,307439,303100,308698,324184,333188,335321,339233,338949,335588,332945,331635,335565,335358,308838,294664,285150,280480,263560,255746,254393,260619,258413,258941,260144,267379,276732,279379,284554,288997,296742,301698,305494,314352,322007,298669,311507,317704,295926,306324,317232,321518,359063,356936,357816,387947,387067,384477,386716,387203,389145,385212,379948,384242,381075,378028,346185,328562,314789,294751,279348,267936,263145,274355,272836,269237,271988,265241,263875,260979,257265,250776,245424,241326,235654,226225,217758,215325,209037,188738,180657,172221,168809,161175,148773,138614,142385,132162,122673,106210,94787,90678,86820,82853,80090,75688,70325,68770,65599,59000,54652,52090,48756,45292,41501,40902,43762,41846,38483,34519,29279,25087,22788,19819,19281,18039,17267,15054,14256,14222,13105,13042,13013,13134,13304,13226,12944,14021,13904,13755,13228,12020,11598,11375,10570,9530,8703,6900
15,88579,87970,85868,84304,81044,79430,75745,73469,71100,73371,78890,80661,81085,82531,83367,82561,87429,89589,89410,90559,93564,88452,84205,86560,88639,93386,96937,100436,111336,122328,132558,128716,127467,127641,127346,126428,126152,117743,117477,106607,104742,100518,89713,76634,60908,48362,51703,46806,43381,45253,51103,59567,68289,70262,68636,67658,69495,69466,66520,63076,58018,55745,54659,51261,46436,50064,55137,56536,59213,60758,63371,66764,68336,73404,74162,73621,74352,74672,78221,72124,61638,59838,63119,65369,65873,68134,83100,96864,100617,99019,96045,94578,93113,85904,78707,78482,78286,77069,77764,75939,75756,70493,66351,64096,63039,57806,55073,45765,42040,44743,44648,45400,49339,51130,52304,52550,51480,50648,48827,47106,46493,47768,49821,48165,46908,43086,42319,40633,40815,38437,37259,35641,37556,36378,35010,32581,35951,35340,34894,33363,32749,30259,22585,13965,13316,12522,11539,10134,9187,8025,6856,6533,5921,5406,4836,4547,3458,2586,2611,2591,2639,2596,2422,2238,2425,2536,2169,2177,2453,2553,3658,4123,3994,4159,4167,3794,3752,3104,3131,3275,3293,3082,2987,2410
16,41850,42285,44175,45519,44218,42339,41296,40754,39080,37158,37128,36827,36690,36425,36344,36107,37531,37272,37480,37742,38538,34339,30517,30833,33378,35550,37186,38841,44178,50439,53391,51295,51247,50798,50001,50601,49996,47869,46493,40423,39710,38759,33667,28168,22485,20009,20573,19817,18782,21256,24784,27807,32559,35717,35433,35041,34969,35484,36943,36730,33344,34427,35227,36330,35267,31274,26956,28050,27616,27852,27133,28722,33335,36987,39695,39028,38325,37457,37298,37952,37095,32544,33388,32145,29072,28540,28977,32325,35401,34293,35687,39472,39694,38447,37396,36863,35566,35826,35941,36451,38895,39921,37617,37979,39061,35739,36948,36463,33788,38153,38754,37299,40311,39050,40478,40891,39731,39454,38262,36523,35366,30567,29406,28608,27436,24135,23269,20855,19324,15761,14503,13583,15338,14820,14743,12182,11587,10636,9453,8722,8120,7200,6943,7317,7690,6923,6356,6873,7382,8494,8659,8672,9717,9402,8414,6739,4714,3866,2643,1595,1502,1508,1414,817,812,807,721,709,646,632,671,755,728,786,797,750,751,902,1058,1212,1183,1142,1088,913
17,49326,48850,49356,48829,47505,46720,44348,42633,39487,38613,39436,38008,36330,36851,37661,37068,38133,38697,39284,40148,41186,37392,34176,35290,36027,36904,37845,40113,46288,53304,54455,53804,54212,54147,52658,50797,51164,51804,53073,47789,48844,48074,43652,37203,32210,27949,30211,27501,26019,28365,31697,35929,40818,42344,43028,43512,44423,43802,42828,43011,38995,38291,37849,37725,37013,33517,27764,30249,30548,31623,31840,33873,36832,39236,40746,40329,38411,37962,37952,38635,38894,34522,34031,33548,29500,27293,27437,28960,31380,30259,28728,31327,30253,28467,28143,28137,28855,30530,31471,34381,35982,35233,33096,32824,33007,30862,31119,29799,27929,30302,30018,29776,30968,30743,30020,29310,28579,27783,25910,24892,24233,25214,23337,23611,23160,21229,21127,18504,15465,16200,14671,13974,14562,12545,11781,11089,10107,9439,9052,8998,8901,8423,7263,6745,6343,5800,5175,4975,4975,4709,3930,3942,4007,3885,3606,3089,2131,2105,2049,1990,1974,1909,1930,1999,2006,1950,1695,1728,1820,1622,1520,1589,1469,1627,1514,1561,1701,1924,1939,1939,1908,1829,1541,1029
18,27549,27287,27076,28071,28179,27492,26792,26056,25802,25917,24672,24167,24081,24816,25067,25328,27233,28385,29658,30785,32298,31374,28763,28826,28799,29684,30443,31409,35137,40032,41388,41244,40998,40798,39378,38669,37833,35647,35122,30590,31793,32125,29531,26464,24544,23221,24309,21876,20437,20658,22168,24370,27540,29261,30631,31999,33087,33800,35189,35193,32785,30573,28762,27848,26890,24290,22732,23710,23929,24125,23800,24652,25877,27885,28923,28820,29293,29710,29945,30274,29356,27100,27898,27635,25825,25661,26837,26157,28179,26941,26014,27387,25777,24045,23275,22276,21562,20766,19176,19261,19834,19909,18162,17345,16903,15551,14698,12450,12037,13790,14924,14628,15199,17097,18820,18890,19468,19561,18875,19188,18574,19007,17847,15504,13245,12598,11193,8199,3799,3047,2932,2760,3038,2883,2874,3026,2392,2367,2322,2298,2286,2252,2144,2032,2010,1867,1740,1700,1650,1710,1665,1595,1689,1711,1703,1605,1693,1683,1653,1634,1635,1657,1721,1164,1187,1172,1092,1059,1013,1004,1092,1204,1204,1366,1424,1455,1330,1332,1175,1146,970,778,710,585
19,27544,28742,29786,31742,31782,31476,31173,31163,30969,31634,33099,34122,35743,39165,41408,43377,41199,37552,37419,36978,35421,32300,28177,29779,31244,32203,33336,33552,36949,41162,40712,36938,35893,34286,32217,29261,27192,24761,23356,21394,20792,20748,19245,17608,17296,18222,19191,19189,18450,19301,20771,22878,25951,27565,27433,28130,28751,29179,31945,33751,30228,30471,30116,29779,28162,23149,19016,20063,19500,21623,23769,27343,33305,39081,41207,43104,42471,42512,41515,40729,40258,36807,35266,34948,31040,29884,29169,27702,30625,30265,29574,31228,31618,33536,33558,32435,31719,30617,29867,29660,28069,27176,25194,25124,24495,23677,22202,19274,17816,19138,19102,19148,19722,19495,19838,19166,19240,19193,18987,18829,19215,18949,17626,17087,16265,14895,14314,13138,11425,9456,9130,8643,9127,8595,8337,6794,6251,6014,5363,5142,4764,4310,3664,3466,3043,2787,2551,2409,2447,2022,1916,1850,2018,2025,2052,1630,1175,1083,1057,1117,1256,1252,1634,1825,1566,1608,1461,1280,1229,898,889,1422,1343,1312,1306,1261,1174,923,392,372,349,303,276,183
20,80900,81479,82327,80092,77514,75004,71825,70211,69712,68039,64270,66572,69818,73298,74451,76796,79359,81872,81116,80599,80779,75134,67540,69505,68408,75149,80360,86033,96949,107361,111307,113228,107583,102080,94544,88891,84839,77575,73318,65437,65267,64828,59564,51186,44779,40565,40032,36840,35936,38583,44030,49719,55655,61957,62906,62634,62952,64441,67645,68856,61658,60139,58199,56992,51721,40350,31215,34401,37301,40990,45001,51621,62753,71127,75911,75148,73868,72339,71465,67161,64997,58063,59781,61232,56238,57837,67434,74886,80827,77105,74735,78115,76320,71904,68731,69724,72281,75834,78719,81620,88124,91076,85265,82222,78446,73642,69973,58649,51001,54598,56875,57386,60263,61417,63896,65949,64592,62060,60253,59258,57632,54389,51373,51599,51364,46836,46034,45430,46867,47895,44567,40215,41178,37399,33049,28659,23683,23576,23557,23305,23175,23456,22761,21132,19486,17571,15747,14610,13084,10246,9246,9240,9983,10269,9905,9037,7737,6019,5711,5197,4952,4764,4692,3822,4024,4040,3651,3545,3542,3617,3585,3277,2981,3179,3167,2884,2759,2924,3043,3173,3134,2847,2639,1843
21,96628,97447,97156,97919,96197,94796,90807,88046,84876,82326,82193,82709,81521,81569,80768,80507,81283,81276,80152,79413,78027,69988,63548,64587,63369,65164,67099,71624,80823,91718,96268,92333,90155,87502,82361,79462,76292,72974,75879,68878,68586,68025,62687,55222,47450,42215,46769,46796,47601,52227,59419,66763,75155,76346,75512,75020,76191,75489,78527,81275,74804,73343,71629,67775,63796,54935,45041,48651,49020,49707,51353,54487,62896,65580,66636,67128,67683,67433,67260,61910,59091,53522,54647,55529,50156,52910,64044,68956,76523,76184,75060,80673,78323,68201,66251,66082,66020,65929,65953,66394,71891,74139,66830,64162,62308,55678,53320,46241,42664,47031,47277,46909,50882,50875,54246,51008,49731,47861,46495,44827,43731,41945,40384,40629,41850,38170,39185,39783,37301,39137,37054,34440,36809,34686,32241,29820,27228,26273,25125,23394,22578,21235,18656,17813,16812,15567,14619,13772,12436,9853,7367,7178,7379,7224,6734,6031,3793,2637,2464,2193,2171,2087,1951,1720,1862,1801,1731,1797,1770,1822,1494,1060,1074,1171,1118,1105,998,1424,1860,1874,1850,1755,1685,1460
22,124460,124817,127347,128474,126617,122309,118833,117265,114000,112733,113614,118479,122449,126164,129695,134767,140510,144927,144976,146599,146606,136658,127413,129302,127958,134005,141024,148825,168204,186982,192419,189024,185218,182624,178191,171076,167347,160386,152374,137475,134469,131560,118795,101210,88801,85922,97093,96025,96507,107841,123083,131700,140794,142645,140904,137532,134162,131163,133697,134546,124641,120524,117986,115039,108002,102820,98823,105115,106266,107021,109054,114192,120884,121459,120612,120594,123379,123494,124931,125365,125221,115649,121613,123588,115545,119021,127104,139274,154846,155642,157081,171098,169739,166702,162766,160220,155041,149073,142612,142151,140297,140045,130339,126273,123847,116774,112386,110030,104291,112584,113112,117289,124290,125335,126550,128680,126607,127690,129206,130795,131539,133516,132051,129873,127196,113664,109887,107336,102485,98358,91105,83139,82371,72266,62339,46880,37733,35231,33001,30256,28084,27521,26444,25124,23628,21795,20345,19515,16763,13748,13056,13156,14210,14114,13363,11496,9157,7130,6267,5531,6127,6738,6823,7067,6720,6908,6469,6311,5655,5746,5819,5558,5181,5319,4852,4661,4883,5009,5000,5004,4985,4510,4275,3019
23,285549,294315,302079,310511,305585,297855,286431,280046,270440,263652,263794,256621,249420,251161,241679,236383,230688,238932,228248,220576,215818,193908,168512,167981,162338,176262,190460,204412,238452,275716,288359,295289,300767,309074,311463,319125,331375,342166,339230,310296,312947,312437,287616,245248,218328,202042,239003,241668,246801,275349,315822,348308,362804,360028,351769,351286,342145,340270,329126,332129,308235,298338,281631,270804,246628,224731,208501,213457,210369,212360,209994,217821,229968,248391,250791,252729,246213,246350,248151,252448,238249,216916,224755,233868,212628,224377,252842,274933,308548,310447,309343,335264,333031,315589,304129,297144,288130,284336,281106,276832,281759,281171,258446,249450,240173,220311,206842,189143,181468,190292,188271,188387,196412,196517,196883,198301,197386,195575,190708,187150,183211,175660,166082,161891,155728,140243,137409,132093,120695,108511,101285,94994,99983,93238,85896,74180,69501,65238,61196,57644,55261,49287,47429,43918,41166,36973,33559,31022,27743,22712,21963,22007,24226,24224,23411,22211,18603,17075,16347,15137,15085,14936,14712,13445,11545,11404,10429,10264,9942,9751,9599,9786,9411,10227,10123,10144,9562,8924,7887,7687,7352,6699,6066,4455
24,74016,73432,72193,70451,69323,67588,65098,63246,62202,62973,62946,62525,62357,62122,62499,61485,59636,59839,59757,60124,60926,56974,52739,57549,61078,64131,65864,67754,74976,82478,84409,80124,79773,80720,82375,83415,84553,82341,80374,72626,72563,71641,64065,54740,45068,38752,43857,41573,39913,44343,50837,57748,63449,64105,63819,63272,62300,62132,63820,62379,56535,55309,53187,51160,46680,38725,33335,36735,37244,37564,38200,41850,47326,55996,56659,57063,57361,59115,59466,61128,64808,60241,62377,64248,59005,62474,65419,65842,72410,70269,69087,75713,73042,73026,69792,69014,69441,69251,66868,67226,66460,64417,59428,57408,54682,49192,45435,42192,40252,42206,41527,42317,44911,45518,45258,48042,47555,46288,44763,43802,42867,41253,42066,41828,40731,37081,36122,35344,33735,28364,26765,25320,26782,26520,25161,23007,21942,20977,20256,19523,17788,17034,15210,11603,11141,10689,9827,9331,9095,8530,8621,8611,8948,9476,9279,8541,7134,5321,4952,4449,4131,3746,3284,3302,3783,3458,3192,3045,2636,2359,2495,1852,1862,1956,1919,1893,2002,1960,2304,2239,2196,2131,2102,1709
25,44268,43769,43948,44975,44804,44663,43397,44360,45285,44746,45442,47120,48721,49626,50083,51205,52341,51676,50953,50492,50342,48839,47159,49438,51390,54425,57316,60763,63586,68168,70255,66630,63641,59637,55548,54045,51941,53217,57033,54103,57519,57496,55788,51083,43330,38426,42575,43611,46587,49610,55874,62146,68173,68120,65622,63865,63149,62533,60680,57313,53503,51037,47125,44129,38974,34400,31225,29840,27727,27902,27376,28467,30825,32659,34157,34940,35449,37318,38017,39574,42452,40092,43236,45790,44021,47042,50139,51056,57343,58221,59361,63571,62866,61279,60158,58792,57395,55755,54871,54994,56328,56324,53157,51109,49956,46776,44542,41973,40756,42156,42364,41175,41544,41405,41972,42853,42082,40223,39359,39477,38469,36619,32963,30695,29622,27499,25575,24410,21064,18597,18369,18791,19910,19285,18173,16329,15391,15816,15331,14688,14318,14461,15056,14751,13867,12012,11073,10128,9016,7912,7484,6860,7242,6776,5975,4641,3148,2434,2048,1782,1759,1894,1899,1617,1601,1627,1532,1517,1445,1818,2231,2159,2195,2288,2342,2279,1875,1369,1270,1201,1166,1049,978,783
26,99258,97579,96194,90271,88908,87878,86781,85341,84597,84859,86920,86454,87271,89439,91126,93094,96838,95916,97781,99551,101242,92421,82224,84387,89637,96025,99923,103907,117888,134989,138571,135720,131001,127080,123171,119429,115555,113370,112823,101644,99602,93307,84621,72151,56392,44245,46943,43113,43488,45835,50649,56803,61656,63637,63523,64367,65139,66070,69222,73788,68394,68922,66903,67405,63461,55692,48139,50151,51337,53277,53610,58718,69098,80300,84260,84271,84031,84622,84270,84007,81531,74215,75408,76166,68094,70817,76718,78765,89992,90113,89990,98107,95643,90044,84865,81334,79598,78088,76859,76863,79990,79668,74106,74636,75128,69519,67044,65136,66873,69849,68676,67583,71216,71039,70172,73405,73888,71594,69195,69073,67866,62914,58873,56616,54171,47915,45279,42914,39226,34936,33065,31187,33234,31762,30165,27948,23390,21975,20993,20272,19202,18262,15492,14630,14332,12869,11786,11450,11161,11075,11071,10868,12106,12469,12089,11530,10109,8472,8090,7317,7039,6772,6645,5995,6420,6338,5842,5852,5867,5523,5999,5453,5283,5633,5359,5388,5339,4877,4646,4646,4540,4337,3854,2815
27,333464,337947,341833,351936,343229,333594,326977,323188,317620,318457,323553,323874,324028,323480,324168,326478,329811,332165,334821,340605,353271,330962,302838,316749,321278,344110,363738,375742,419477,476210,489132,491599,484419,476833,469613,461828,453156,438796,422797,374227,362450,342004,306465,254763,215449,198945,222094,213675,212201,226074,253680,273120,281739,280755,271797,262508,256962,251673,245291,243052,221095,214773,208033,200832,186379,172088,165044,175140,179480,189052,197997,218091,243759,256833,270991,278680,285376,291763,296664,299312,298513,273827,287111,296734,272459,281059,295562,301066,331549,321373,314285,339956,330534,315529,306187,298759,291302,283923,274784,270028,269583,267178,242402,234684,227661,209435,200800,191761,186339,197795,194221,190242,199051,198468,201367,206582,208087,208022,207478,205543,201681,198687,196249,190972,184744,164723,161643,154928,145488,136776,130991,124091,131416,123116,114950,105711,100395,94369,90673,86886,83875,79732,74773,73043,69427,61553,56424,53594,49529,43645,40746,39308,41991,41183,38953,34683,29618,26107,24091,21568,20916,20081,18787,16842,15630,15254,14104,13917,13992,13896,14083,14585,14430,15009,14786,14489,13418,12557,13345,13096,12854,11941,10906,8890
28,223982,225413,226193,229256,231181,232044,232408,228759,229957,235237,236613,232963,229691,228229,231345,223999,221756,224922,225386,227790,231996,219955,206500,219174,234834,239685,244087,246538,268556,297440,299026,281913,274561,267352,258406,248230,238981,219788,206793,184628,183358,178499,162717,142363,127757,120989,135707,133634,134239,142318,154899,169019,174695,175253,169200,163485,160507,157741,154189,157828,144919,143573,142090,140081,136757,130937,131152,135836,131818,136317,138200,144368,158840,167078,175688,178481,175275,174937,176285,176725,175791,163827,172444,179383,171286,177937,185300,185480,203348,200614,199743,214247,210283,204639,199204,191284,185645,182393,177999,175170,174979,177160,166339,163807,162777,152968,149680,145885,141333,145464,143832,139861,142564,139997,138513,138743,138302,136511,131503,129387,125420,123808,122990,118506,115652,106915,103405,100265,93118,85095,83239,79192,83169,79919,76354,69985,64205,61917,58713,56040,53619,50756,45832,42944,40530,36819,32076,30332,27797,23006,20380,19415,20500,20412,19211,16766,13825,13022,12158,11660,11321,11281,10925,10980,10832,10681,9941,9945,9795,9417,8439,8119,8091,8630,8515,8478,8411,8983,9297,9211,8996,8490,7781,6183
29,54390,56743,56640,54845,56976,58340,59309,59609,61374,62908,65314,68468,69660,70500,70072,70157,69042,66709,65294,64912,63540,60237,53731,55152,58823,59457,60225,61186,65881,71637,72517,68420,63366,60194,58414,57074,55411,55009,56255,51509,50428,48218,41967,36078,31787,28103,31262,30335,29710,32184,35585,37844,42184,42689,41584,40827,40698,40620,41536,39815,36580,36171,35064,34329,31811,29889,28712,31141,31996,33144,34668,37383,39832,41303,41671,42285,43012,44890,45672,44855,47225,45741,47796,49495,46984,47801,51978,53302,56347,54754,52630,52444,51488,50331,47819,47127,46805,46210,46687,46813,48079,46573,41999,40840,40320,36998,34682,30248,29572,31237,29862,29059,31569,31393,31871,31806,31379,30405,29191,27824,26715,24112,21908,21147,20373,18580,17713,16875,15090,12901,12318,11825,12265,11150,10381,9093,8179,7771,7594,7421,7339,7152,6576,6216,5922,5328,5115,5027,5113,5034,5576,5680,6151,5905,5560,4729,4117,3008,2332,1653,1506,1372,1388,993,1060,1102,1053,1129,1158,1214,1082,1004,1035,1032,1099,1185,1115,1575,1566,1499,1479,1261,1070,901
30,35346,34757,33709,33432,32825,32090,32169,31738,30968,31210,34666,34161,34729,34445,33694,33849,34357,34321,34802,35694,35713,32889,29021,31148,33451,35214,36976,38934,44529,51355,52096,47685,48040,47659,47505,48053,48062,48737,48990,43092,42247,41655,36299,31406,25882,24246,28142,26576,25821,28273,29566,32919,35411,35127,34925,34358,33690,34305,35106,37727,34403,33834,32801,31841,29029,24686,19658,22103,22780,23121,23156,25934,31630,34749,35037,34184,34552,35299,34552,31553,28919,25663,26367,26186,23115,24058,25475,26540,28589,26559,24523,26482,23658,19417,17365,16536,15617,15148,14296,14327,14473,13995,12559,12643,13218,11931,11987,12961,12846,14854,15058,14862,15937,16167,16322,15923,15427,14761,14109,13945,13651,12031,11477,10779,10482,9101,9064,8225,7037,6647,6321,5975,6612,5838,5278,4103,4037,3695,3460,3148,3071,3031,2782,2507,2393,2411,2130,2052,1928,1809,1778,1828,1624,1664,1589,1657,1743,1544,1460,1406,1387,1537,1442,1284,1267,1172,1049,1059,855,737,778,865,870,901,861,894,853,740,595,642,652,632,552,398
31,22362,22320,21117,20382,19509,18837,17958,17204,16213,15765,15827,15633,15414,15864,15635,15437,16376,17532,18227,18599,18305,16939,15646,17135,18146,18868,19696,20739,23360,26100,28079,28676,28680,28896,28706,28753,29155,27867,26372,23500,23306,23206,21234,18427,14990,13680,15058,14283,14018,15476,16977,19733,21575,21872,21188,20694,20637,20386,20294,20266,18416,18672,18458,18186,16736,14268,11833,14088,14431,15308,15139,17045,19055,20239,20149,20211,19282,18822,18791,18025,18307,16061,16198,16401,15042,15413,16460,16212,17809,16953,16048,17135,15842,15418,16067,15670,15633,15760,16048,16571,16870,17388,16342,16132,16423,14834,13828,12473,10275,11279,11295,10992,12195,12410,12200,11724,11321,10686,10177,9471,9212,7665,6677,6297,5892,4979,4612,4142,3438,3686,3354,3256,3434,3058,2684,2798,3006,2893,2683,2642,2671,2760,2625,2065,2016,1855,1756,1882,1774,1553,1464,1481,1660,1793,1599,1539,1372,1197,1212,1172,1136,1100,1063,945,1000,933,791,714,695,803,792,895,888,925,887,886,751,834,584,588,590,594,507,429
32,30713,30709,30098,29161,28573,28032,27300,26701,25893,25663,26227,25451,24008,23037,21887,20984,20427,21842,21777,21535,21801,19446,16618,17645,19076,20144,21465,22074,26074,30773,31402,29795,29794,30747,31537,32272,33116,34334,35682,32427,32307,32807,29860,24871,21085,17729,19979,19038,18227,20009,22464,24160,27679,27470,26284,25049,23382,22810,24712,22945,20859,20730,20457,21277,19704,16165,14666,15749,15454,14797,14220,15682,18324,18360,18701,19371,19950,20352,21245,20019,20620,18400,18100,18242,16363,16439,18104,19657,22555,22730,22381,23999,23570,21369,19722,19042,18555,17650,16814,16618,17759,17156,15536,15386,15831,14635,13913,13239,13722,15114,15321,14990,16218,16337,16764,17686,18032,17782,18560,18716,18845,19287,18998,18774,18329,15537,15390,15202,12976,11479,10457,9920,10931,9454,8056,7197,6260,6023,5818,6042,6649,6853,6503,6535,5754,5129,4383,3437,2750,3263,4277,4672,4586,4167,4243,3983,3718,3952,3575,3331,3344,3438,3495,3548,2886,3011,2931,3166,3087,3059,2423,1697,1735,1812,1670,1344,1114,1332,1336,1245,1218,1060,1004,764
33,79257,75134,72388,71903,70123,68180,65487,63481,60584,58905,58360,56979,55139,54411,52000,51439,50803,50905,52964,55969,59650,54983,49823,54202,54635,58555,62057,65273,76783,90417,94008,93834,92850,92891,91354,91042,92200,94985,97641,86618,85702,85328,78701,66140,56208,52883,59253,54993,51306,53383,56860,62045,63365,62599,60337,58973,56565,55589,53761,52288,46320,46171,44962,46372,43423,39052,37455,41427,41617,43046,41839,46201,49857,50459,52012,52404,52679,53439,54567,54351,53610,46818,47910,48473,42108,43437,46505,48062,55835,55230,54249,60381,58330,57015,55249,52761,50945,49113,47477,46210,46397,47458,42911,41307,41444,37503,36101,32722,31529,34567,35618,35508,38371,39884,40865,40964,41982,42187,42017,42286,41076,41405,41378,40654,39910,34737,34877,34702,33955,32604,31149,29642,32550,30238,27961,25436,24301,23486,22658,21982,21725,21085,19753,19486,18080,15407,13589,12644,11080,8976,9088,8705,9277,9052,8538,7812,6542,5784,5477,5289,5285,5295,5520,5593,5365,5304,4902,4846,4764,4514,4490,4517,4480,4770,4638,4359,3948,3698,3647,3528,3278,2975,2665,1866
34,92325,98535,105665,108318,111833,113164,114331,113784,115003,113841,119904,124434,127461,130028,133259,131584,129800,120641,118110,115885,115042,103544,93083,98442,105067,108504,112322,116472,126893,140749,140081,133959,129059,125988,120878,119500,117426,122222,131326,122170,122679,121798,113115,98490,82287,68367,77269,76434,77634,86517,101134,114092,122755,126697,128907,130066,129852,132387,135804,137922,125444,120695,114062,108633,97249,84224,75859,76875,73169,71425,69218,73666,77686,79217,81689,80221,80102,79438,76951,75681,73413,65174,69721,72050,66333,73324,79294,83198,95215,92828,90518,98410,94782,94799,93719,91017,90528,91396,91415,91069,91580,90357,82824,81195,79051,72717,70121,66741,66013,71845,69495,67631,69306,67756,66640,65648,63362,62058,60425,59318,56770,50410,47023,43160,39829,34663,33083,29312,25559,26173,26466,26149,27012,25479,24402,23285,19526,17434,15869,15402,14852,14749,13428,13397,12798,11596,10818,10625,9797,9743,10294,10479,11671,12204,12023,11544,10837,9747,9130,8345,7773,7660,7071,5694,4793,4679,4288,4235,3899,3679,3765,3810,3720,3887,3930,4039,3965,3851,4406,4423,4353,4022,3649,3068
35,54357,53997,53661,53896,52532,51488,49623,48394,47668,48032,47586,49959,52421,55656,57689,60497,60900,61041,61097,60966,61346,56460,49462,53807,55525,58212,60342,61612,69365,80211,82470,82139,79930,77535,74001,71714,69206,67120,67548,60159,62101,63189,57632,48041,42983,40208,42487,39837,38930,42750,49153,53651,56567,60332,59579,59197,58791,58393,59559,61646,55114,52474,49941,48989,45124,38383,31756,32923,31961,31081,30118,32661,34603,36233,38222,37977,37484,37456,37297,38906,38105,34265,34108,33227,29604,28131,27594,27997,30225,29004,27831,29392,28325,27187,27351,26729,26681,25916,26045,27168,26382,25431,23290,22576,22693,21347,19549,18890,17289,20752,21639,22089,22635,23303,23451,22977,21876,20366,19992,20474,20532,19521,21718,19530,18319,15926,13925,11211,7734,3854,3805,3620,4068,3764,3492,3259,3269,3087,3100,2926,2899,2934,2802,3066,2945,2824,2856,2731,2588,3008,3010,2991,3018,2998,3035,3098,2939,3007,3035,2944,3001,2950,3007,2815,2576,2557,2332,2227,2213,1966,2088,1869,1777,1889,1783,1758,1617,1504,1527,1597,1624,1508,1432,1214
36,32431,31041,30247,29185,28501,27244,26166,25284,24407,24076,23058,23543,24086,24542,25328,25912,25596,26137,28548,30697,33885,30559,27888,28966,29189,30570,32554,33178,39150,45829,47710,48002,45507,41153,37395,36444,34684,34701,36038,31216,30734,29198,24828,19859,14556,11029,12761,11784,13187,14626,16405,18398,20402,21398,22168,23610,25459,26861,28448,29314,26863,27056,25313,22762,20558,17756,15852,19583,20561,21266,23023,25912,28284,27974,26646,25052,23409,21725,20419,20591,21077,18758,18129,17208,16060,15645,16071,15941,17332,17055,17102,17545,16284,14692,15408,16484,17494,18806,21539,23846,24247,23312,21143,21557,22122,18404,18082,17525,17211,19221,18827,17877,19592,19601,19626,18966,17475,15502,13711,12677,10803,10139,9728,9037,8585,7559,6784,5684,4472,3918,3567,3240,3490,3195,2958,2316,2144,1965,1795,1804,1703,1687,1664,1849,1826,1641,1409,1547,1520,1596,1428,1429,1631,1671,1479,1288,1201,1166,1159,1060,1062,1067,1215,1158,1159,1105,1012,969,973,885,795,795,776,837,873,851,761,623,616,604,545,500,467,319
37,38247,39301,37842,35956,36087,34892,34539,33761,32657,31294,30220,31081,31427,31419,31853,31340,31099,33159,32556,31621,30747,27820,24477,27616,30415,31764,32676,32750,35465,39360,39468,37337,35645,34403,33762,33675,34820,34440,33445,30351,31298,31845,29213,23692,19840,16786,21010,20734,21700,25242,30343,33269,36084,37623,38995,39388,39392,39228,41437,43784,39649,38039,36406,34425,31364,28357,25171,26993,27914,29083,30122,32257,35536,37336,36319,34548,33191,32385,31824,29971,30052,28193,29684,30936,28474,29843,30486,33360,36106,34730,33084,35385,34527,33697,28071,27458,27663,27729,28667,28481,28315,28549,26205,25479,25176,22049,20808,20482,19931,21659,22239,22270,23211,23084,22406,23568,24079,23585,22914,23062,24299,24018,24169,23661,22429,19997,19103,17093,15103,12688,11011,9981,10767,10168,9388,9133,8749,8654,8551,8314,8044,7729,7013,7022,6620,5658,5136,4956,4511,4454,3740,3819,4311,4383,4214,3781,3099,2753,2501,2270,2161,2099,2198,2107,2106,2067,1806,1742,1683,1534,1429,1366,1352,1536,1470,1504,1644,1762,1761,1745,1664,1597,1470,924
38,57854,57831,58929,58950,58671,58453,58098,57498,56837,60237,65523,65308,64671,65367,65691,65926,66608,70165,69816,70148,70422,65158,58733,58578,57589,58870,59362,59897,66193,74334,69184,59189,56834,54492,51823,48901,46010,44410,44098,37661,37706,36910,32347,27503,24096,22819,26693,25605,24777,28518,32726,36002,37398,40420,42115,44455,45681,46905,48306,49587,42959,42802,41892,42563,39534,36950,34902,38112,38314,38994,39100,42529,44054,44802,47457,46708,45706,44297,43199,43684,43817,37744,38281,38452,33495,33943,33188,34843,39423,38446,37223,41616,40831,39005,37056,39067,40369,42240,43056,45042,46103,46469,39629,37406,34777,29984,26145,25332,23804,28043,27997,29121,32511,33287,35640,37041,35391,33276,31013,28847,27026,24657,23709,25280,27292,24581,25929,27431,26871,26495,25442,24064,27179,26477,25469,24382,22937,21900,20420,19048,16415,13574,11025,9178,7321,5322,3471,3508,3406,4048,4915,4769,4824,4953,4686,4472,3092,2138,2035,2088,2005,1981,1928,1693,1660,1549,1418,1446,1416,1295,1072,1615,1627,1715,1727,1684,1492,1796,1895,1801,1747,1614,1582,1415
39,29464,29063,28065,28352,27537,25716,24724,23605,23250,25054,24686,25553,26479,26782,26850,27327,27802,26032,25613,26021,26650,24186,21205,21168,22536,24034,25117,25292,28920,32681,32882,31366,29879,28671,28550,28240,27509,26006,27034,23490,22845,21165,18101,15381,14969,14644,16597,15378,15347,16944,18791,21704,23219,24300,25781,26677,26771,27589,26778,26696,24702,24518,23989,24504,24566,24930,24658,26412,26220,26485,25686,25853,23114,20570,20207,19184,18552,18264,17147,18702,21585,19176,19892,20348,18186,18271,17391,16004,18390,17908,17230,19736,19431,19121,18535,18992,19139,19637,19449,19677,20292,20173,17946,17432,16547,14884,14864,14258,13899,14949,14633,14791,15507,14942,13796,12696,12170,11357,10504,9735,8849,8986,8612,8149,7861,6873,6761,6392,5064,4157,3895,3637,4026,3572,3218,2883,2907,2735,2714,2634,2651,2576,2408,2326,2172,1880,1693,1645,1501,1555,1683,1687,1850,1903,1856,1737,1472,1346,1274,1226,1168,1130,1049,994,895,835,747,738,710,763,760,734,753,815,806,829,720,637,776,746,742,666,599,474
40,170932,171860,174941,177277,174581,171752,170106,170090,166787,167418,172557,172530,172042,173615,176630,176604,176597,179727,178917,180271,184470,166171,153461,163533,170264,187399,201701,215046,249592,282190,286282,274718,270924,268152,256196,247398,241075,232430,227250,201736,204746,203187,186207,159785,138990,128696,149014,139118,133194,140027,159243,180716,198106,197321,196436,192952,190507,188510,193036,204969,192774,185658,178119,174114,164794,145165,117892,120970,121500,126982,128910,138627,151666,168848,170348,170303,168404,166763,163228,159625,151622,138133,143287,147419,135104,142700,154104,171503,186355,184392,181143,195803,186701,180034,168582,162098,152813,146506,138637,134263,133144,135556,128981,127427,126441,120762,116173,111859,105467,107942,106709,105140,107914,109150,104944,101490,101514,99843,97129,94523,92866,88891,84011,79310,74022,66606,63016,57436,54355,53589,51915,49606,51635,49135,47806,45371,40958,39761,38791,38277,37594,36136,36064,40733,40279,38080,36958,36191,35987,30889,20774,20707,21295,20792,19794,17709,15107,13772,13017,12452,12146,11708,11095,10079,8582,8380,7853,7690,7554,7746,7764,7773,8001,8363,8500,8564,7969,7949,8428,8371,8248,7504,6790,5954
41,39885,39986,41107,41422,39322,37257,35394,33594,32194,30837,31190,31322,31648,31978,31967,31358,29766,28649,28100,27054,26701,23175,19908,21019,21342,23982,26422,27846,34807,40093,40817,40464,38965,38084,37136,34364,34411,37338,37617,33393,33927,33828,30245,24717,17358,13897,16614,14832,13802,15806,18640,22769,26264,26147,25413,24935,24492,24134,23654,23340,20631,20225,19892,20511,18887,15486,12524,15436,16774,17634,17579,20243,24210,27202,27212,27065,26347,26690,26223,25748,25088,21927,22119,22713,19416,20397,22297,22328,25209,24082,23342,26234,25232,22782,21560,20767,20009,19656,18448,17961,18783,20510,18477,18694,18595,16882,16556,15403,13590,15491,15374,15353,16934,16898,17284,19194,19121,19122,18885,18816,18949,18331,17075,16115,14765,12868,12182,11087,10531,8909,8781,8599,9313,8912,8275,7105,6714,6059,5755,5284,4896,4320,4063,4520,4436,3802,3549,3382,3195,2870,2183,2001,2212,2181,2089,1916,1598,1567,1605,1635,1728,1687,1639,1975,2208,2137,1792,1684,1582,1595,1352,1117,1042,1229,1187,1156,1018,880,874,899,805,774,675,545
42,59883,61980,62912,65625,63899,62344,58777,55886,54028,51958,47748,49408,50254,51410,52280,53487,55471,60911,60189,60393,60947,57128,51939,55802,56633,60941,65020,69333,77084,85058,86400,87578,84115,82835,80914,79505,78764,74484,67106,60081,60904,60160,54548,46766,37962,33942,39262,35361,32436,34008,39198,43400,46690,47479,45974,45382,45948,45478,46473,49218,43983,42602,40420,39373,35719,31255,24805,27547,28552,29576,29477,31572,35651,42544,43133,43180,42704,42215,41747,43519,42805,39236,40980,42611,40800,43768,49984,52160,56144,53702,51752,53003,50685,43281,36779,34964,33648,33365,32709,31394,30653,32130,28803,26327,23918,20636,19058,16012,13425,15573,17187,18827,21361,22119,24201,25795,25304,23970,22261,21004,19761,19797,18708,18168,18361,16728,17464,17528,15121,13557,13040,11863,12469,10659,9502,9719,9511,8959,8647,8271,8023,7593,6305,5574,5421,4939,4605,4469,4115,3475,3783,3709,4050,4195,4226,4351,3994,3459,3303,2913,2980,3137,2701,2625,2594,2550,2437,2206,2142,2089,2229,2156,2108,2220,2266,1988,2160,1965,1942,1949,1925,1725,1435,987
43,76643,75858,76839,78430,75612,71511,68604,66140,62086,62058,62705,63418,64909,66521,67226,67491,65824,67357,67109,67884,69749,64777,61615,64898,66360,74462,81458,87080,101402,114499,119085,119273,115805,111527,108161,103084,99607,98694,95770,84242,85120,82403,74822,63986,57051,55711,61324,55730,53448,55945,60768,62477,61831,61604,61953,61150,61637,61812,62743,63943,58942,59038,60716,63205,62774,60795,61042,64568,63048,61429,58453,57865,58851,60124,58767,56235,54113,51341,50002,49698,49545,44280,44489,44455,40514,40983,41270,41156,45003,42348,39069,40225,36369,31012,26978,27869,30367,33217,34855,38049,41575,41755,37147,36153,34747,31117,29391,27501,26633,30000,29897,29844,33349,33186,33830,33062,31896,29937,28058,25956,24416,22870,24364,23099,22025,19497,19423,18266,16651,15806,14710,13999,14904,13238,11943,10998,10391,10632,11050,10993,11154,11415,11013,10565,9862,8074,7061,6717,6337,5631,4818,4663,5443,5370,4736,3690,2965,2898,2353,1749,1696,1702,1521,1593,1597,1502,2160,2713,3082,3669,4387,4582,4809,4212,3701,3392,2798,2072,2027,1935,1692,1459,1160,893
44,45074,45145,46651,48636,47056,45122,43443,41950,39954,38770,39929,40488,40891,41239,41898,41804,42443,42114,42831,44338,45884,41669,37459,39356,38552,41023,42766,44134,49925,58077,58181,57650,55501,54062,52159,50947,49746,49955,51294,44648,43736,43111,38688,31243,26555,23748,27906,25856,24080,26201,30432,34023,36321,35890,35118,34419,34375,33906,36083,35810,32676,32919,32485,33242,30830,24618,22046,24925,25422,26442,26014,28350,31755,31604,31824,31236,30742,30533,31049,29819,29695,25703,27153,28420,25194,27079,30528,33873,39028,38261,37216,40817,38417,36356,35934,35600,36022,36882,37046,38661,38632,38875,35770,35153,34403,31346,30048,29086,26902,29038,28631,28105,30080,29673,29255,28408,27689,26303,25328,23349,22290,21498,21105,19813,18720,16209,16037,15283,14726,14515,14035,13212,14251,13453,12973,12522,12389,11747,11659,11224,11127,10393,9540,9110,8666,7932,7104,6560,5767,4684,4346,4072,3984,4088,3906,3318,2818,2489,2161,2132,1974,1944,1961,1967,1936,1879,1702,1612,1652,1633,1602,1634,1619,1622,1637,1525,1439,1346,1234,1129,1055,891,783,502
45,41292,41101,40934,40935,39751,38368,36339,34740,33916,33011,29990,31098,32020,34304,34407,34652,36393,38849,37967,37429,37289,34230,30348,30594,30843,33229,35411,38643,45026,50489,53333,54978,53498,52319,48892,46892,46720,45220,44985,40295,40123,38574,34210,28932,24425,20148,22995,21186,19945,21608,24984,26596,26337,27560,28416,29741,31044,31326,32334,32089,28022,26391,25142,25384,23004,21301,21552,25620,27499,30065,31195,34820,37417,39660,38974,38732,37008,35787,35887,35485,36032,32525,33775,34873,30801,32541,35997,37722,41538,40391,38716,43100,40623,38337,35189,35551,35642,35756,35827,36537,38317,37583,33684,32454,32501,29078,27265,23488,23007,26480,26805,27089,30264,29861,31641,33973,32777,31533,30626,28574,28210,25696,23367,22994,22882,20074,19293,18860,18699,16045,14692,13207,13374,12192,10675,8781,8595,8605,8343,8173,8011,7815,7424,7400,6427,5305,4598,3973,3280,2592,2566,2541,3003,3004,2720,2539,2363,2128,2064,1824,1769,1794,1793,1555,1742,1700,1493,1512,1580,1544,1588,1532,1549,1816,1868,1916,1812,1756,1746,1668,1467,1218,915,705
46,62550,62874,64227,66142,65881,64861,63953,63058,61583,60632,61161,60653,59553,59625,59763,60053,62024,65096,65607,67226,69317,64099,58662,58947,57640,60166,61916,62510,71111,80873,82315,80284,76884,74524,72085,69127,65868,63860,62504,55365,55685,54357,48469,40513,35786,32102,37518,35020,33928,36688,42426,47182,50657,50279,49566,48571,47920,47328,46678,46845,41506,39812,38840,38681,35306,30109,26142,32105,34589,37441,39503,44536,50127,52941,53408,54095,54274,55029,56514,58030,59763,52209,54312,55948,48982,51309,54569,55791,63277,60918,58382,63986,59302,56386,56961,55286,53373,52390,51466,50306,48579,45424,41317,40358,39779,36323,35144,33833,35514,38855,38708,38993,41591,42627,42683,39638,39027,38884,37706,37058,35950,34379,33125,31981,30708,26121,25243,24004,22618,22210,21145,20081,22377,20944,19643,18923,18540,17976,17048,16518,15762,15190,14251,14650,14027,11926,11095,10729,10165,9882,9383,8855,10161,9215,8181,6242,5092,4852,3732,2459,2444,2415,2341,1941,1815,1856,1698,1731,1818,1931,2002,2016,1893,2029,1974,1895,1743,1582,1738,1817,1897,1649,1456,1221
47,34166,35113,34197,34827,36224,36927,38099,38948,40299,40589,39921,40694,41432,40971,43679,43513,43006,43963,43978,43186,40228,37455,36106,39834,40106,41241,42685,48834,51244,53793,55028,58627,57449,57007,56006,56350,56616,57376,56893,53150,55345,52507,49575,47556,47085,46950,51522,50391,52178,53360,53607,50548,46751,47026,46720,48277,51669,53962,55904,59257,55153,54215,54264,52195,51040,50927,48978,50713,49836,48105,47596,46531,43459,39975,39501,39623,39072,36733,36758,38670,39763,37472,38544,38646,38469,38393,39601,44151,47187,47410,48769,51692,53463,58782,60779,61467,61909,62217,62474,62070,60068,59280,56597,54524,52136,47000,45642,41336,36967,37495,36055,34320,35133,33165,31229,28409,27418,26294,24676,22945,22057,20090,18092,17981,17376,15583,15016,14819,13226,12701,12391,11890,12293,11920,11503,11048,10573,10406,10560,10234,9817,9941,9512,9368,9031,8009,7265,6842,6644,6108,5519,5530,6566,6732,6594,5874,4567,4432,4074,3130,2864,2805,2510,2484,2183,2202,2074,2106,2087,2219,2426,2487,2489,2610,2526,2474,2255,1577,1536,1559,1697,1639,1555,1217